,제목,가수,가사
0,사건의 지평선,윤하 (YOUNHA),"생각이 많은 건 말이야
당연히 해야 할 일이야
나에겐 우리가 지금 1순위야
안전한 유리병을 핑계로
바람을 가둬 둔 것 같지만

기억나? 그날의 우리가
잡았던 그 손엔 말이야
설레임보다 커다란 믿음이 담겨서
난 함박웃음을 지었지만
울음이 날 것도 같았어
소중한 건 언제나 두려움이니까

문을 열면 들리던 목소리
너로 인해 변해있던 따뜻한 공기
여전히 자신 없지만 안녕히

저기, 사라진 별의 자리
아스라이 하얀 빛
한동안은 꺼내 볼 수 있을 거야
아낌없이 반짝인 시간은
조금씩 옅어져 가더라도
너와 내 맘에 살아 숨 쉴 테니


여긴, 서로의 끝이 아닌
새로운 길 모퉁이
익숙함에 진심을 속이지 말자
하나 둘 추억이 떠오르면
많이 많이 그리워할 거야
고마웠어요 그래도 이제는
사건의 지평선 너머로

솔직히 두렵기도 하지만
노력은 우리에게 정답이 아니라서
마지막 선물은 산뜻한 안녕

저기, 사라진 별의 자리
아스라이 하얀 빛
한동안은 꺼내 볼 수 있을 거야
아낌없이 반짝인 시간은
조금씩 옅어져 가더라도
너와 내 맘에 살아 숨 쉴 테니

여긴, 서로의 끝이 아닌
새로운 길 모퉁이
익숙함에 진심을 속이지 말자
하나 둘 추억이 떠오르면
많이 많이 그리워할 거야
고마웠어요 그래도 이제는
사건의 지평선 너머로

저기, 사라진 별의 자리
아스라이 하얀 빛
한동안은 꺼내 볼 수 있을 거야
아낌없이 반짝인 시간은
조금씩 옅어져 가더라도
너와 내 맘에 살아 숨 쉴 테니

여긴, 서로의 끝이 아닌
새로운 길 모퉁이
익숙함에 진심을 속이지 말자
하나 둘 추억이 떠오르면
많이 많이 그리워할 거야
고마웠어요 그래도 이제는
사건의 지평선 너머로

사건의 지평선 너머로"
1,Nxde,(여자)아이들,"Why you think that ’bout nude
’Cause your view’s so rude
Think outside the box
Then you’ll like it
Hello my name is 예삐 예삐요
말투는 멍청한 듯 몸매는 섹시 섹시요
그럼 다이아 박힌 티아라 하나에
내가 퍽이나 웃게 퍽이나 웃게
뒤틀려버린 로렐라이
Don’t need no man
철학에 미친 독서광
Self-made woman
싸가지없는
이 Story에 무지 황당한
야유하는 관객들
You tricked me you’re a liar
아 발가벗겨져 버린 Movie star
아 별빛이 깨져버린 밤
꼴이 볼품없대도 망가진다 해도
다신 사랑받지 못한대도
Yes I’m a nude
Nude 따따랏따라
Yes I’m a nude
Nude I don’t give a love
Baby how do I look, how do I look
아리따운 날 입고 따따랏따라
Baby how do I look, how do I look
아리따운 날 입고 따따랏따라
(Ouch!)
실례합니다 여기 계신 모두
야한 작품을 기대하셨다면
Oh I’m sorry 그딴 건 없어요
환불은 저쪽 대중은 흥미 없는 정보
그 팝콘을 던져도 덤덤
행복과 반비례 평점
But my 정점 멋대로 낸
편견은 토할 거 같지
아 발가벗겨져 버린 Movie star
아 더 부끄러울 게 없는 밤
꼴이 볼품없대도 어쩌면 네게도
다신 사랑받지 못한대도
Yes I’m a nude
Nude 따따랏따라
Yes I’m a nude
Nude I don’t give a love
Baby how do I look, how do I look
아리따운 날 입고 따따랏따라
Baby how do I look, how do I look
아리따운 날 입고 따따랏따라
Um ha um ha um ha um
Yes I'm a nude
Yes I'm a nude
Now I draw a luxury nude
Why you think that ’bout nude
’Cause your view’s so rude
Think outside the box
까고 말해
아리따운 나의 누드
아름다운 나의 누드
I’m born nude
변태는 너야
Rude
Nude"
2,ANTIFRAGILE,LE SSERAFIM (르세라핌),"Anti ti ti ti fragile fragile
Anti ti ti ti fragile
Anti ti ti ti fragile fragile
Antifragile antifragile
가시밭길 위로 riding
you made me boost up
거짓으로 가득 찬 party
가렵지도 않아
내 뒤에 말들이 많아
나도 첨 듣는 내 rival
모두 기도해 내 falling
그 손 위로 I’mma jump in
Yes gimme that
걸어봐 위엄 like a lion
눈빛엔 거대한 desire
더 부어 gasoline on fire
불길 속에 다시 날아 rising
잊지 마 내가 두고 온 toe shoes
무슨 말이 더 필요해
무시 마 내가 걸어온 커리어
I go to ride till I die die
더 높이 가줄게
내가 바랐던 세계 젤 위에
떨어져도 돼
I’m antifragile antifragile
난 지금 on my way 갖다버려 줘
너의 fairy tale
Now you know my name
I’m antifragile antifragile
Anti ti ti ti fragile fragile
Anti ti ti ti fragile
Anti ti ti ti fragile fragile
Antifragile antifragile
“Lovey lovey lovey
dovey dovey dovey”
멋대로 정하네 나란 애에 대해
I don't know what to say
I can't feel it
뜨거운 관심은 환영
귀여운 질투는 go ahead
줄 달린 인형은 no thanks
내 미랠 쓸 나의 노래
Yes gimme that
걸어봐 위엄 like a lion
눈빛엔 거대한 desire
더 부어 gasoline on fire
불길 속에 다시 날아 rising
잊지 마 내가 두고 온 toe shoes
무슨 말이 더 필요해
무시 마 내가 걸어온 커리어
I go to ride till I die die
더 높이 가줄게
내가 바랐던 세계 젤 위에
떨어져도 돼
I’m antifragile antifragile
난 지금 on my way 갖다버려 줘
너의 fairy tale
Now you know my name
I’m antifragile antifragile
Anti ti ti ti fragile fragile
Anti ti ti ti fragile
Anti ti ti ti fragile fragile
Antifragile antifragile
We can break it baby
Rock it twist it lock it baby
All I know is you can’t chain me
‘Cause I’m gonna break out
gonna gonna break out out
We can break it baby
Rock it twist it lock it baby
All I know is you can’t chain me
'Cause I’m gonna break out
gonna gonna break out out
더 높이 가줄게
내가 바랐던 세계 젤 위에
떨어져도 돼
I’m antifragile antifragile
난 지금 on my way 갖다버려 줘
너의 fairy tale
Now you know my name
I’m antifragile antifragile
Anti ti ti ti fragile fragile
Anti ti ti ti fragile
Anti ti ti ti fragile fragile
Antifragile antifragile"
3,Hype boy,NewJeans,"(1,2,3,4)
Baby, got me looking so crazy
빠져버리는 daydream
Got me feeling you
너도 말해줄래

누가 내게 뭐라든
남들과는 달라 넌
Maybe you could be the one

날 믿어봐 한번
I’m not looking for just fun
Maybe I could be the one

Oh baby
예민하대 나 lately
너 없이는 매일 매일이 yeah
재미없어 어쩌지

I just want you
Call my phone right now
I just wanna hear you’re mine

‘Cause I know what you like boy
You’re my chemical hype boy
내 지난날들은
눈 뜨면 잊는 꿈
Hype boy 너만 원해
Hype boy 내가 전해

And we can go high
말해봐 yeah
느껴봐 mm mm
Take him to the sky
You know I hype you boy

눈을 감아
말해봐 yeah
느껴봐 mm mm
Take him to the sky
You know I hype you boy

잠에 들려고 잠에 들려 해도
네 생각에 또 새벽 세 시 uh-oh
알려줄 거야 they can’t have you no more
봐봐 여기 내 이름 써있다고
누가 내게 뭐라든
남들과는 달라 넌
Maybe you could be the one

날 믿어봐 한번
I’m not looking for just fun
Maybe I could be the one

Oh baby
예민하대 나 lately
너 없이는 매일 매일이 yeah
재미없어 어쩌지

I just want you
Call my phone right now
I just wanna hear you’re mine

‘Cause I know what you like boy
You’re my chemical hype boy
내 지난날들은
눈 뜨면 잊는 꿈
Hype boy 너만 원해
Hype boy 내가 전해

And we can go high
말해봐 yeah
느껴봐 mm mm
Take him to the sky
You know I hype you boy

눈을 감아
말해봐 yeah
느껴봐 mm mm
Take him to the sky
You know I hype you boy"
4,After LIKE,IVE (아이브),"또 모르지 내 마음이
저 날씨처럼 바뀔지
날 나조차 다 알 수 없으니
그게 뭐가 중요하니
지금 네게 완전히
푹 빠졌단 게 중요한 거지
아마 꿈만 같겠지만
분명 꿈이 아니야
달리 설명할 수 없는
이건 사랑일 거야
방금 내가 말한 감정
감히 의심하지 마
그냥 좋다는 게 아냐
What's after 'LIKE'?
You and I
It's more than 'LIKE'
L 다음 또 O 다음 난 yeah
You and I
It's more than 'LIKE'
What's after 'LIKE'?
What's after 'LIKE'?
조심해 두 심장에 핀
새파란 이 불꽃이
저 태양보다 뜨거울 테니
난 저 위로 또 아래로
내 그래프는 폭이 커
Yeah that's me
두 번 세 번 피곤하게
자꾸 질문하지 마
내 장점이 뭔지 알아?
바로 솔직한 거야
방금 내가 말한 감정
감히 의심하지 마
그냥 좋다는 게 아냐
What's after 'LIKE'?
You and I
It's more than 'LIKE'
L 다음 또 O 다음 난 yeah
You and I
It's more than 'LIKE'
What's after 'LIKE'?
What's after 'LIKE'?
What after like 내 맘에 strike
지금 느낀 짜릿함은 마치 tike
LO 다음에 I 그 다음에 VE
여긴 너와 내 space
아무도 막지 못해
나를 보면 눈 깜빡할
시간 조차도 아까울 걸
드디어 만나 반가워
LOVE 사이 놓일 I
(What's after 'LIKE'?)
You and I
It's more than 'LIKE'
E 앞 또 V 앞 난 yeah
You and I
It's more than 'LIKE'
What's after 'LIKE'?
You and I
It's more than 'LIKE'
L 다음 또 O 다음 난 yeah
You and I
It's more than 'LIKE'
What's after 'LIKE'?
What's after 'LIKE'?"
5,새삥 (Prod. ZICO) (Feat. 호미들),지코 (ZICO),"기분이 째져
Ayy who's the best dresser
반경 100m 누가 젤 튀어
잘 되면 셀럽
못 되면 평생 리셀러
내 개성은 시대를 안 타 huh
안 타 cause
나는 새삥
모든 게 다 새삥
보세 옷을 걸쳐도
브랜드 묻는 DM이 와
I’m too sexy
헌 집 주고 새집
프리미엄이 붙어
두 배, 세 배, 네 배 yeah
나는 새삥
11년째 freshman
유명세를 걷어
현찰 대신 스펙을 stackin’
Ooh! You’re not savage
남의 멋만 쌔비지
난 취향을 감춰 그래
내 세컨 카는 수수께끼
Show and prove의 심볼
넘볼 수 없는 임금
The king is back 뽷!
다시 ’코’시국
암만 영끌해도 근본은 절대 못 사
눈팅으로 배운 너의 street fashion
뚜까 패고파
기분이 째져
Ayy who's the best dresser
반경 100m 누가 젤 튀어
잘 되면 셀럽
못 되면 평생 리셀러
내 개성은 시대를 안 타 huh
안 타 cause
나는 새삥
모든 게 다 새삥
보세 옷을 걸쳐도
브랜드 묻는 DM이 와
I’m too sexy
헌 집 주고 새집
프리미엄이 붙어
두 배, 세 배, 네 배 yeah
아마 나는 오늘도
미치게 하겠지 workin’
이유는 뻔하지 새로운 옷이
알어 니 위치는 겉만 하지 마
건방 빌린 게 티 나서 bro
이제 여름이 오니까 준비해
내 목에다 채워질 아이스체인
1234 옷을 세는 것도 지겨워 man
New thang
I love my hates
원해 new chain
우리 엄만 생일마다
새 가방이 생기지
신기록 갱신
우린 없어 배신
나는 매일 새신
Yessir I really came from zero
그래서 2배로 work
책임을 가진 삶은 생각보다 괴로워
언제나 let's go hard
내 옷은 새로워
난 운전할 때마다 맨 앞이라 외로워
안 무셔 drip check
내 옷들은 늘 새삥
아무도 못 말려 나란 바닥노무 쉐낀
멈출 수 없어 난 쌓아야 해 stack
안전모를 썼던
나는 절대 못해 cap
기분이 째져
Ayy who's the best dresser
반경 100m 누가 젤 튀어
잘 되면 셀럽
못 되면 평생 리셀러
내 개성은 시대를 안 타 huh
안 타 cause
나는 새삥
모든 게 다 새삥
보세 옷을 걸쳐도
브랜드 묻는 DM이 와
I’m too sexy
헌 집 주고 새집
프리미엄이 붙어
두 배, 세 배, 네 배 yeah
나는 새삥 모든 게 다 새삥"
6,Rush Hour (Feat. j-hope of BTS),Crush,"Yo I’ve been walking on the street yo
유엔빌리지에서 한강진역
이태원을 지나왔어 언덕길로
클랙슨은 목이 쉬어 퇴근길마다 삐걱삐걱
그게 자그마치 2년
입에 단내가 나 미칠 지경
작업실로 당당하게 내비 찍어
This is Crush hour 비켜라 비켜

We gotta celebrate 넌 즐기기만 해
누가 뭐래도 Baby
Hey ladies and gentlemen,
do what you wanna do baby

그러니까 너넨 히비히비합 질러 빽빽
다시 Clap clap clap and then hit that
하나둘 모여 마치 Traffic jam
Get up get up

그러니까 너넨 히비히비합 질러 땍땍
따라 해 어때 생각보다 쉽지
모두 모여 마치 Traffic jam
Get up (get up) get on up

Yo I’ve been walking on the street yo
서울숲에서부터 근방 직경
But 어딜 가든 이젠 레드카펫 Feel yo
사진 소리 찰칵찰칵 가는 길마다 찍어 찍어
붐비는 People, 마치 Traffic 기분
보험마저 없는 내 미래 비전
Y’all trippin’, whole lotta freaks
And now, Crush hour 난 그냥 형 따라 직진

We gotta celebrate 넌 즐기기만 해
누가 뭐래도 Baby
Hey ladies and gentlemen,
do what you wanna do baby

그러니까 너넨 히비히비합 질러 빽빽 (빽빽)
다시 Clap clap clap and then hit that (hit that)
하나둘 모여 마치 Traffic jam
Get up get up

그러니까 너넨 히비히비합 질러 땍땍 (땍땍)
따라 해 어때 생각보다 쉽지
모두 모여 마치 Traffic jam
Get up (get up, rush hour)
Take’em to the bridge

La la la la la la la la
La la la la la la la
La la la la la la la la
La la la la la la la

This is Crush hour, Crush hour, Crush hour
This is Crush hour, Crush hour, Crush hour

Watch Out (Watch Out)
Watch Out (Watch Out)

This is Crush hour, Crush hour, Crush hour"
7,Attention,NewJeans,"You and me
내 맘이 보이지
한참을 쳐다봐
가까이 다가가
You see
You see, ey ey ey ey

One, two, three
용기가 생겼지
이미 아는 네 눈치
고개를 돌려 천천히
여기
You see
여기 보이니

Looking for attention 너야겠어
확실하게 나로 만들겠어
Stop, eyyy
Drop the question
Drop the, drop the question
Want attention
Wanna want attention

You give me butterflies you know
내 맘은 온통 paradise
꿈에서 깨워주지 마

You got me looking for attention
You got me looking for attention
가끔은 정말
헷갈리지만
분명한 건
Got me looking for attention

널 우연히 마주친 척할래
못 본 척 지나갈래
You’re so fine
Gotta gotta get to know ya
나와 나와 걸어가 줘

지금 돌아서면
I need ya, need ya, need ya
To look at me back
Hey 다 들켰었나
널 보면 하트가 튀어나와

난 사탕을 찾는 baby (baby)
내 맘은 설레이지
Eyyy, drop the question
Drop the, drop the question
Want attention
Wanna want attention

You give me butterflies you know
내 맘은 온통 paradise
꿈에서 깨워주지 마

You got me looking for attention
You got me looking for attention
가끔은 정말
헷갈리지만
분명한 건
Got me looking for attention

You got me looking for attention
You got me looking for attention
가끔은 정말
헷갈리지만
분명한 건
Got me looking for attention

A T T E N T I on
Attention is what I want
A T T E N T I on
Attention is what I want
A T T E N T I on
Attention is what I want
A T T E N T I on
You got me looking for attention"
8,Monologue,테이,"다 잊었다는 거짓말
또 해 버렸죠
내 마음에 그대란 사람
없다고 했죠
너무나 쉽게 잊혀졌다고
이젠 남이라고
서툰 내 사랑에 지쳐 떠난 그대
너무 많이 울려서
잡을 용기조차 낼 수 없었죠
미안해요 내 사랑아
다신 나 같은 사람 만나지 마요
혹시 찾아가도 두 번 다시
나를 허락해 주지 마요
그댄 여리고 너무 착해서
싫단 말도 잘 못하는데
많이 부족한 나를 사랑한 그대
이거면 됐어요 더 이상은
그대 불행하지 않도록
나 이쯤에서 없어지는 게
그댈 위한 나의 사랑인 걸요
너무 투명해서 때론 불안했죠
제멋대로 살아온 나를
감당할 수 없을 것 같죠
미안해요 내 사랑아
다신 나 같은 사람 만나지 마요
혹시 찾아가도 두 번 다시
나를 허락해 주지 마요
그댄 여리고 너무 착해서
싫단 말도 잘 못하는데
고마웠어요 나를 사랑해 줘서
나 같은 사람이 두 번 다시
감히 받을 수 없는 사랑
그대 때문에 행복했어요
울지 마요 그대
잘 생각해 봐요
나쁜 일들만 가득했던 우리
다 잊어야 해요
다신 나 같은 사람 만나지 마요
혹시 찾아가도 두 번 다시
나를 허락해 주지 마요
그댄 여리고 너무 착해서
싫단 말도 잘 못하는데
많이 부족한 나를 사랑한 그대
이거면 됐어요
더 이상은 그대 불행하지 않도록
나 이쯤에서 없어지는 게
그댈 위한 나의 사랑인 걸요"
9,Shut Down,BLACKPINK,"Blackpink in your area
Blackpink in your area

컴백이 아냐 떠난 적 없으니까
고개들이 돌아 진정해 목 꺾일라
분홍빛의 얼음 drip drip drip
freeze ‘em on sight
Shut it down what what what what

게임이 아냐 진 적이 없으니까
짖어봐 네 목에 목줄은 내 거니까
땅바닥에 닿은 pedal we go two zero five
Shut it down uh uh uh uh

초록 비를 내려 머리 위로 Don’t trip, baby
겸손하게 그냥 앉아있어 Just sit, baby

Praying for my downfall,
many have tried, baby
Catch me when you hear my Lamborghini go vroom, vroom, vroom,
vroom

When we pull up you know
it’s a shutdown
간판 내리고 문 잠가 shut down
Whip it whip it whip it whip it
Whip it whip it whip it whip it
It’s black and it’s pink once the sun
down

When we pull up you know
it’s a shutdown
간판 내리고 문 잠가 shut down
Whip it whip it whip it whip it
Whip it whip it whip it whip it
Keep watching me shut it down

Nah
You don’t wanna be on my bad side
that’s right I’m slidin’ through
Bunch of wannabes that wanna be me,
me three if I was you
Been around the world, pearls on ya
girl, VVS's we invested uh
Need a lesson see the necklace,
see these dresses
We don’t buy it we request it uh

A rockstar, a popstar but rowdier
Say bye to the paparazzi, get my
good side, I'll smile for ya
Know it ain’t fair to ya, it’s scarin’ ya
like what now
Blackpink in your area, the area been
shut down. It’s a shutdown

네 다음 답안지야 똑바로 봐
don’t sleep baby
뒤집어봐 이건 가격표야 ain’t cheap baby

Stay in your own lane ‘cause
I’m ‘bout to swerve
Catch me when you hear my Lamborghini go vroom, vroom, vroom,
vroom

When we pull up you know
it’s a shutdown
간판 내리고 문 잠가 shut down


Whip it whip it whip it whip it
Whip it whip it whip it whip it

It’s black and it’s pink once the sun
down

When we pull up you know
it’s a shutdown
간판 내리고 문 잠가 shut down

Whip it whip it whip it whip it
Whip it whip it whip it whip it

Keep watching me shut it down

Shut it down Blackpink in your area
Shut it down woah woah woah woah
Shut it down Blackpink in your area
Keep talking we shut you down"
10,LOVE DIVE,IVE (아이브),"네가 참 궁금해 그건 너도 마찬가지
이거면 충분해 쫓고 쫓는 이런 놀이
참을 수 없는 이끌림과 호기심
묘한 너와 나 두고 보면 알겠지

Woo 눈동자 아래로
Woo 감추고 있는 거
Woo yeah It’s so bad It’s good
난 그 맘을 좀 봐야겠어

Narcissistic, my god I love it
서로를 비춘 밤
아름다운 까만 눈빛 더 빠져 깊이
(넌 내게로 난 네게로)
숨 참고 love dive

Woo lalalalalalala
Woo 어서 와서 love dive
Woo oh perfect sacrifice yeah
숨 참고 love dive

마음은 이렇게 알다가도 모르지
사랑이라는 건 한순간에 필 테니
직접 들어와 두 눈으로 확인해
내 맘 가장 깊은 데로 오면 돼

Woo 망설일 시간은
Woo 3초면 되는 걸
Woo yeah It’s so bad It’s good
원하면 감히 뛰어들어

Narcissistic, my god I love it
서로를 비춘 밤
아름다운 까만 눈빛 더 빠져 깊이
(넌 내게로 난 네게로)
숨 참고 love dive

Woo lalalalalalala
Woo 어서 와서 love dive
Woo oh perfect sacrifice yeah
숨 참고 love dive

숨 참고 love dive
숨 참고 love dive
숨 참고 love dive
숨 참고 love dive

Woo lalalalalalala
Woo 어서 와서 love dive
Woo oh perfect sacrifice yeah
숨 참고 love dive"
11,사랑은 늘 도망가,임영웅,"눈물이 난다 이 길을 걸으면
그 사람 손길이 자꾸 생각이 난다
붙잡지 못하고 가슴만 떨었지
내 아름답던 사람아
사랑이란 게 참 쓰린 거더라
잡으려 할수록 더 멀어지더라
이별이란 게 참 쉬운 거더라
내 잊지 못할 사람아
사랑아 왜 도망가
수줍은 아이처럼
행여 놓아버릴까 봐
꼭 움켜쥐지만
그리움이 쫓아 사랑은 늘 도망가
잠시 쉬어가면 좋을 텐데
바람이 분다 옷깃을 세워도
차가운 이별의 눈물이 차올라
잊지 못해서 가슴에 사무친
내 소중했던 사람아
사랑아 왜 도망가
수줍은 아이처럼
행여 놓아버릴까 봐
꼭 움켜쥐지만
그리움이 쫓아 사랑은 늘 도망가
잠시 쉬어가면 좋을 텐데
기다림도 애태움도 다 버려야 하는데
무얼 찾아 이 길을 서성일까
무얼 찾아 여기 있나
사랑아 왜 도망가
수줍은 아이처럼
행여 놓아버릴까 봐
꼭 움켜쥐지만
그리움이 쫓아 사랑은 늘 도망가
잠시 쉬어가면 좋을 텐데
잠시 쉬어가면 좋을 텐데"
12,자격지심 (Feat. ZICO),BE'O (비오),"내 나이는 20
하고도 플러스 2지
주위 친구들은 일찍
만들어 본인의 PPT
말도 안 돼 거짓말
내게 하지 마
티는 안 냈지만 짜증 나
사실 난 속 좁아서 다 빈말이야
그릇이 넓지 못한가 봐
주위 사람의 성공이 배 아파
매일 밤 열심히 하는 게 아마
뒤떨어질까 봐 일지 몰라
담배 한 대 피우고 한숨을 내뱉어
내가 난데 왜 이래
이러지 않았는데 나
I say really? really?
really? really?
진짜네
사실 잘 될 줄 난 몰랐는데
You say too busy busy busy busy
바쁘대
그래 다음에 시간 될 때 봐
위로하지 마 No, I'm fine
축하는 하지만 안 불러줄래 네 노랜
또 티 나지만 Oh good night
어쩔 수 없어 내가 어른이 되길 먼저
“노래하지 마 발성부터 글렀다고
너 래퍼라면서 왜 이리 뚝딱거려
그건 그렇다 쳐 지금 얼굴 갖고
티비에 나온다니 정말 클났어”
신인 팀들 투정해 대기실이 비좁대
우린 부럽기만 한데
블락비 wasn't there
내 폴더 인사를 쌩깠던 선배 기억해
오래 못 가서 나락 갔지
But I’m still your fan
월등함이면 몰라
열등감은 빠져 모양
질투 시샘 따위 Not my style
남 좋은 일 하는 거니까
Yeah now you see me
사기캐인데 No cheating
못 믿겠음 직접 지켜봐
I say really? really?
really? really?
진짜네
사실 잘 될 줄 난 몰랐는데
You say too busy busy busy busy
바쁘대
그래 다음에 시간 될 때 봐
위로하지 마 No, I'm fine
축하는 하지만 안 불러줄래 네 노랜
또 티 나지만 Oh good night
어쩔 수 없어 내가 어른이 되길 먼저
모두가 너무 다 커 보여
나 빼고 Say, Life is beautiful
네 자랑은 이제 안 부러워
라고 말하며 귀는 또 쫑긋 서
Really really?
이제 내 차례야 라고 말하며 헛기침
거울을 보며 내게 물어
Really? really? really? really?
I say really? really?
really? really?
진짜네
사실 잘 될 줄 난 몰랐는데
You say too busy busy busy busy
바쁘대
그래 다음에 시간 될 때 봐
위로하지 마 No, I'm fine
축하는 하지만 안 불러줄래 네 노랜
또 티 나지만 Oh good night
어쩔 수 없어 내가 어른이 되길 먼저"
13,Pink Venom,BLACKPINK,"Kick in the door Waving the coco
팝콘이나 챙겨 껴들 생각 말고
I talk that talk Runways I walk walk
눈 감고 pop pop 안 봐도 척

One by one then Two by two
내 손끝 툭 하나에 다 무너지는 중
가짜 쇼 치곤 화려했지
Makes no sense You couldn’t
get a dollar outta me

자 오늘 밤이야 난 독을 품은 꽃
네 혼을 빼앗은 다음
Look what you made us do

천천히 널 잠재울 FIRE 잔인할 만큼 아름다워

I bring the pain like

This that pink venom
This that pink venom
This that pink venom
Get ‘em, get ‘em, get ‘em
Straight to ya dome like
whoa whoa whoa
Straight to ya dome like ah ah ah

Taste that pink venom
Taste that pink venom
Taste that pink venom
Get ‘em, get ‘em, get ‘em
Straight to ya dome like
whoa whoa whoa
Straight to ya dome like ah ah ah

Black paint and ammo,
got bodies like Rambo
Rest in peace, please light up a candle
This da life of a vandal,
masked up and I’m still in Celine
Designer crimes or it wouldn’t be me

Diamonds shinin’ drive in silence
I don’t mind it I’m ridin’
Flyin’ private side by side with da
pilot Up in the sky
And I’m wildin’, stylin’ on them and
there’s no chance
Cuz we got bodies on bodies like this a
slow dance

자 오늘 밤이야 난 독을 품은 꽃
네 혼을 빼앗은 다음
Look what you made us do

천천히 널 잠재울 FIRE 잔인할 만큼 아름다워

I bring the pain like

This that pink venom
This that pink venom
This that pink venom
Get ‘em, get ‘em, get ‘em
Straight to ya dome like
whoa whoa whoa
Straight to ya dome like ah ah ah

Taste that pink venom
Taste that pink venom
Taste that pink venom
Get ‘em, get ‘em, get ‘em
Straight to ya dome like
whoa whoa whoa
Straight to ya dome like ah ah ah

원한다면 provoke us
감당 못해 and you know this

이미 퍼져버린 shot that potion
네 눈앞은 핑크빛 ocean

Come and give me all the smoke
도 아니면 모 like I’m so rock and roll

Come and give me all the smoke
다 줄 세워 봐 자 STOP DROP

I bring the pain like

La tatata La tatata La tatata La tatata
La tatata La tatata

Straight to ya
Straight to ya
Straight to ya dome like

La tatata La tatata La tatata La tatata
La tatata La tatata

I bring the pain like"
14,딱 10CM만,"10CM, BIG Naughty (서동현)","1 2 3 4 5 6 7 8 9 10
딱 10CM만
더도 말고 덜도 말고 딱 그 정도만
한번 해보자
우리 멀어져 보자
딱 반 발자국만
더도 말고 덜도 말고 딱 그 정도만
한번 해보자
우리 멀어져 보자
자세히 보아야 예쁘다
오래 보아야 사랑스럽다
참 좋아하던 말이었는데 글쎄
아무거나 눌러보다가
한발자국 뒤에서
보면 보이지 않던 아름다움이
보인다는 말에
집에 가는 길에
액정 밖의 화면을 봤네
맨날 본 똑같은 거리들이
오늘따라 이상하게 예뻐 보이는 게
싫은 것도 싫지 않아야 어른이 되지
우리 조금만 반 발자국만
한 발자국만 아님 반 발자국만
멀어져 볼까
1 2 3 4 5 6 7 8 9 10
딱 10CM만
더도 말고 덜도 말고 딱 그 정도만
한번 해보자
우리 멀어져 보자
딱 반 발자국만
더도 말고 덜도 말고 딱 그 정도만
한번 해보자
우리 멀어져 보자
꽃을 보았다 예뻤다
자세히 보려고 꺾었다
참 좋아하던 향이었는데 글쎄
이제는 한 두번 누르는 향수처럼
쉽게 피고 아쉽게 지는
자세히 안 봐도 오래 안 봐도
이 거리를 가득 채우는
꽃들도 있더라고
삐거덕 거리는
빈 수레바퀴는
쉼과 의심 그 사이 어딘가로 더
미끄러져가는데
일찍이 이미 희미해 져버린
우리의 길 위 의미는 헤져버린
목적지에 적힌 음표와 같아서
1 2 3 4 5 6 7 8 9 10
딱 10CM만
더도 말고 덜도 말고 딱 그 정도만
한번 해보자
우리 멀어져 보자
딱 반 발자국만
더도 말고 덜도 말고 딱 그 정도만
한번 해보자
우리 멀어져 보자
딱 10CM만
더도 말고 덜도 말고 딱 그 정도만
한번 해보자
우리 멀어져 보자
딱 반 발자국만
더도 말고 덜도 말고 딱 그 정도만
한번 해보자
우리 멀어져 보자"
15,우리들의 블루스,임영웅,"잊지는 말아요 함께 했던 날들
눈물이 날 때면
그대 뒤를 돌아보면 돼요
아프지 말아요 쓸쓸한 마음에
힘든 일이 참 많았죠 그대에겐
내가 곁에 있을게요
그댈 위해 노래할게요
잊지 말아요
그댈 위해 약속할게요
언젠가 우리 시간 지나면
알게 되겠죠
그땐 웃을 수 있죠 나 약속할게요
그땐 미소 짓겠죠
작은 행복까지 모두
외롭고 지칠 때 손잡아 줄게요
슬픔이 짙어질 때면 위로해 줄
그 한 사람이 될게요
그대 부디 울지 말아요
슬퍼 말아요
그대에게 빛이 될게요
언젠가 우리 시간 지나면
알게 되겠죠
그땐 웃을 수 있죠 나 약속할게요
폭풍 속에 혼자 남아 헤매도 오
길이 되어 지킬게요 그대
그댈 위해 노래할게요
잊지 말아요
그댈 위해 약속할게요
어두운 길을 밝게 비추는
그대의 빛이 될게요"
16,TOMBOY,(여자)아이들,"Look at you 넌 못 감당해 날
Ya took off hook
기분은 Coke like brrr
Look at my toe 나의 Ex 이름 Tattoo
I got to drink up now 네가 싫다 해도 좋아

Why are you cranky, boy?
뭘 그리 찡그려 너
Do you want a blond barbie doll?
It’s not here, I’m not a doll

미친 연이라 말해 What’s the loss to me ya
사정없이 까보라고 You’ll lose to me ya
사랑 그깟 거 따위 내 몸에 상처 하나도 어림없지
너의 썩은 내 나는 향수나 뿌릴 바엔

Ye I’m a Tomboy (Umm ah umm)
Ye I’ll be the Tomboy (Umm ah)
This is my attitude
Ye I’ll be the Tomboy

I don’t wanna play this ping pong
I would rather film a Tik Tok
Your mom raised you as a prince
But this is queendom, right?
I like dancing, I love ma friends
Sometimes we swear without cigarettes
I like to eh on drinking whiskey
I won’t change it, what the hell?

미친 척이라 말해 What’s the loss to me ya
사정없이 씹으라고 You’re lost to me ya
사랑 그깟 거 따위 내 눈에 눈물 한 방울 어림없지
너의 하찮은 말에 미소나 지을 바엔

Ye I’m a Tomboy (Umm ah umm)
Ye I’ll be the Tomboy (Umm ah)
This is my attitude
Ye I’ll be the Tomboy

Said you get it?
You get the song right, you’ll get what I mean “Tomboy”

La la la la la la la la la
La la la la la la la la la

La la la la la la la la la
La la la la la la la la la
(Three, two, one)

It’s neither man nor woman
Man nor woman
It’s neither man nor woman
(Just me I-DLE)

It’s neither man nor woman
Man nor woman
It’s neither man nor woman
(Just me loving Tomboy)"
17,다시 만날 수 있을까,임영웅,"너를 위해 해 줄 것이 하나 없어서
보낼 수밖에 없었고
네가 없이 사는 법을 알지 못해서
순간순간을 울었다
후회로 가득한 한숨 자락이
시린 바람처럼
가슴 치는 날 그 언젠가
우리 만날 수 있을까
다시 만날 수 있을까
그리 좋던 예전처럼 그때처럼
되돌아갈 수 있을까
다시 우리가 만나면
무엇을 해야만 할까
서로를 품에 안고서
하염없이 눈물만 흘려볼까
붙잡을 마음이야 없었겠냐마는
그때 난 부끄러웠다
떳떳하게 일어나 널 다시 찾아갈
뜨거운 꿈만 꾸었다
둘이 함께 했던 순간순간이
시린 폭포처럼
쏟아지는 날 그 언젠가
우리 만날 수 있을까
다시 만날 수 있을까
그리 좋던 예전처럼 그때처럼
되돌아갈 수 있을까
다시 우리가 만나면
무엇을 해야만 할까
서로를 품에 안고서
하염없이 눈물만 흘려볼까
그리운 마음이 서럽게 흘러넘쳐
너에게 닿을 때
우리 만날 수 있을까
다시 만날 수 있을까
그리 좋던 예전처럼 그때처럼
되돌아갈 수 있을까
다시 우리가 만나면
무엇을 해야만 할까
서로를 품에 안고서
하염없이 눈물만 흘려볼까"
18,그때 그 순간 그대로 (그그그),WSG워너비 (가야G),"잘 지냈지? 조금은 어색해 요즘 좋아 보여 인사 나누며
사실 궁금한 게 너무 많았는데 반가움에 멍해졌죠

생각보다 오래 된 것 같은 우리 수다스럽던 그때가 생각나
뭐가 그렇게도 할 말이 많아서 밤을 지새우곤 했죠

그리운 목소리 그리던 얼굴 참 많이도 기다렸어

다시 만나자는 너의 한마디에 울컥 눈물이 나
결국 너였단 걸

알아
기다림의 끝은 기적이 되고 기적 같은 우린 운명처럼

서로를 알아보고 그렇게 눈앞에 서있죠

우리 사랑했던 우리 다시 만나 그때 그 순간 그대로
사랑했고 사랑할 거니까

같이 듣던 노래 그때 그 거리를 이제 혼자 아닌 너와 둘이 걸어

다시 오른쪽에 나란히 발맞춰 같은 노래를 부르죠

그리운 만남을 그리던 날들 참 많이도 기다렸어

다시 너를 만나 더욱 더 소중해 같은 마음이란 걸

알아
기다림의 끝은 기적이 되고 기적 같은 우린 운명처럼

서로를 알아보고 그렇게 눈앞에 서있죠

우리 사랑했던 우리 다시 만나 그때 그 순간 그대로

사랑했고 사랑할 거니까

처음 느낌 그대로 설렘이 가득한 날

고마워 다시 돌아와줘서

그때 그 순간처럼 날

안아줘

결국 기다림의 끝은 기적이 되고 기적 같은 우린 운명처럼

서로를 알아보고 그렇게 눈앞에 서있죠

우리 사랑했던 우리 다시 만나 그때 그 순간 그대로

사랑했고 사랑할 거니까"
19,해요 (2022),#안녕,"그녀와 나는요 그땐 참 어렸어요
많이 사랑했고 때론 많이 다퉜었죠
지금 생각하면 모두 내 잘못이죠
마지막 그날도 그녀는 울었어
나는 그녈 잡지 못했죠
지금까지도 너무 후회가 돼요
그 후로 누굴 사랑한 적 없어 아직은
그녀와 나는요
언젠가 만날 거죠
변해버린 모습 변해버린 시간 속에
하지만 괜찮아 내 눈엔 아름답던
예전 모습 그대로 일 거예요
그녀도 날 못 잊을 거야 나는 믿어요
그만큼 사랑했죠
그래서 우린 한 번은 만나야만 해요
그녀의 친구라도 이 노랠 듣는다면
그녀에게 전해줘요
내가 아직 사랑한다고
우리가 처음 만난 그 시간 그 자리에
내가 매일 기다린다고
언제라도
그녀도 날 못 잊을 거야 나는 믿어요
그만큼 사랑했죠
그래서 우린 한 번은 만나야만 해요
그녀의 친구라도 이 노랠 듣는다면
그녀에게 전해줘요
내가 아직 사랑한다고
우리가 처음 만난 그 시간 그 자리에
내가 매일 기다린다고
그녀의 친구라도 이 노랠 듣는다면
그녀에게 전해줘요
내가 아직 사랑한다고
우리가 처음 만난 그 시간 그 자리에
내가 매일 기다린다고
내가 매일 기다린다고"
20,그라데이션,10CM,"밤은 다시 길고 깊어졌네
나는 점점 너로 잠 못 들게 돼
글로 적어내긴 어려운 이 기분을
너도 느꼈으면 좋겠는데
너는 아무 생각 없이 몇 번
나를 지나가며 웃은 거라지만
나의 하얀 옷에 너의 잉크가 묻어
닦아낼 수 없을 만큼 번졌네
달콤한 색감이 물들어 조금씩
정신을 차렸을 땐 알아볼 수도 없지
가득 찬 마음이 여물다 못해
터지고 있어
내일은 말을 걸어봐야지
요즘 노랜 뭔가 맘에 안 들어
네게 불러 주기엔 좀 어려워서
나름 며칠 밤을 새워 연습했지만
네게 들려주기엔 무리인 것 같아
너는 번질수록 진해져 가고
나의 밤은 좀 더 길고 외롭지만
하루종일 떠오르는 너의 얼굴은
방을 가득 채워 무지개같이
달콤한 색감이 물들어 조금씩
정신을 차렸을 땐 알아볼 수도 없지
가득 찬 마음이 여물다 못해
터지고 있어
내일은 말을 걸어봐야지
바람을 맞고 빗물에 젖어
나의 색감도 흐려지겠지만
너는 항상 빛에 반짝일 테니까
멋진 말들을 전하지 못하고
아무도 관심 없는 그림이 되겠지만
달콤한 색감은 감추지 못해
터지고 있어
내일은 말을 걸어봐야지
그냥 이 노래가 어떨까 싶어"
21,우린 그렇게 사랑해서,"강민경 (다비치), 잔나비 최정훈","밤하늘, 손을 잡으면 기분이 좋다며
옅은 웃음 띠며 나에게 말하다
너는 슬픈 노래를 불렀는데
그게 우리 둘의 주제곡 같았어
하루는 순진한 눈으로 나를 바라보며
매일 두 손 모아 하늘에 빈다고
우리 둘의 시간이 영원하길
그게 참 아팠는데 그립기도 하더라
둘이 가던 둘이만 알던
수많은 거리 그 위로
하루하루 쌓여만 가던
소중했던 추억 그 위로
우리 다시 돌아갈 수 있을까 알아
결코 닿을 수 없는 시절의 우리
그때는 이해할 수 없던
너의 그 마지막
이젠 선명하게 다 알 것 같았어
그래 우린 그렇게 사랑해서
뻔한 이별마저도 우리다웠던 거야
둘이 가던 둘이만 알던
수많은 거리 그 위로
하루하루 쌓여만 가던
소중했던 추억 그 위로
우리 다시 돌아갈 수 있을까 알아
결코 닿을 수 없는 시절의 우리
그때의 우리처럼
둘이 가던 둘이만 알던
어설프던 풍경 그 위로
자라나고 쌓여만 가던
어리숙한 모습 그대로
이제 다시 돌아가면 어떨까 그래
결코 보낼 수 없는 시절의 우리"
22,Cookie,NewJeans,"내가 만든 쿠키
너를 위해 구웠지
But you know that it ain’t for free, yeah

내가 만든 쿠키
너무 부드러우니
자꾸만 떠오르니

널 choco-chip으로
Sprinkle로
입맛 버리게 만들고 싶어
숨기고 있지만 널 더 보고 싶어

If you want it
You can get it
If you want it
네 목소리를 또 들려줘 boy

식사는 없어 배고파도
음료는 없어 목말라도
달콤한 맛만 디저트만 만
원하게 될 거 알잖아

식사는 없어 배고파도
음료는 없어 목말라도
달콤한 맛만 디저트만 만
원하게 될 거 알잖아

내가 만든 쿠키
너에게는 독이지
네 마음속을 녹이지
So good, yeah

Looking at my cookie
역시 향기부터 다르니 (Taste it)
한입은 모자라니

널 choco-chip으로
Sprinkle로
정신 못 차리게 만들고 싶어
숨기고 있지만 널 더 보고 싶어

If you want it
You can get it
If you want it
네 목소리를 또 들려줘 boy

식사는 없어 배고파도
음료는 없어 목말라도
달콤한 맛만 디저트만 만
원하게 될 거 알잖아

식사는 없어 배고파도
음료는 없어 목말라도
달콤한 맛만 디저트만 만
원하게 될 거 알잖아

Bet you know
Bet you know
Bet you know I
레시핀 없어 딴 데서는 못 찾아

Take it
Don't break it
I wanna see you taste it
Sugar, got sugar
난 재료 안 아끼지

Bet you know
Bet you know
Bet you know I
네 다이어트를 망치고 싶어 나

Take it
Don’t break it
I wanna see you taste it
Sugar, got sugar
Bet you want some

식사는 없어 배고파도
음료는 없어 목말라도
달콤한 맛만 디저트만 만
원하게 될 거 알잖아

식사는 없어 배고파도
음료는 없어 목말라도
달콤한 맛만 디저트만 만
원하게 될 거 알잖아

Yeah yo
Yeah yo
Mm mm
Yeah yo
Yeah yo
Mm mm

내가 만든 쿠키
Come and take a lookie
우리 집에만 있지 놀러 와

얼마든지 굽지
그런데 너 충치
생겨도 난 몰라

내가 만든 쿠키
Come and take a lookie
우리 집에만 있지 놀러 와

얼마든지 굽지
그런데 너 충치
생겨도 난 몰라"
23,사랑인가 봐,멜로망스,"너와 함께 하고 싶은 일들을
상상하는 게
요즘 내 일상이 되고
너의 즐거워하는 모습을 보고 있으면
자연스레 따라 웃고 있는 걸
너의 행동에 설레어하고 뒤척이다가
지새운 밤이 많아지는데
이건 누가 봐도 사랑일 텐데
종일 함께면 질릴 텐데
나 돌아서도 온통 너인 건
아무래도 사랑인가 봐
점점 너와 하고 싶은 일들 생각하면서
하룰 보낸 날이 많아지는데
이건 누가 봐도 사랑일 텐데
종일 함께면 질릴 텐데
나 돌아서도 온통 너인 건
아무래도 사랑인가 봐
너의 행복해하는 모습을 보고 있으면
나도 모르게 따라 웃는데
이 정도면 알아줄 만하잖아
너도 용기 낼만 하잖아
나만 이런 게 아니라면
우리 만나볼 만하잖아
아무래도 사랑인가 봐"
24,무지개,임영웅,"오늘 하루 어땠었나요
많이 힘들었나요
쉬지 않고 달려왔던 길에서
나와 함께 쉬어가요
그냥 아무런 준비도 없이
떠나볼까요
평범해도 좋으니까
우리 함께 가요
Du Du Du Du Du
행복 가득 담은 배낭 하나 메고서
답답했던 일상과 도심을 벗어나
Du Du Du Du
Du Du Du Du
떠나볼래요
힘껏 살다 보니 무뎌져
헝클어진 머리도
괜찮다며 그댈 안아줄 사람
바로 그대 곁에 있죠
까만 선글라스 하나 챙겨서
떠나볼까요
평범해도 좋으니까
우리 함께 가요
Du Du Du Du Du
행복 가득 담은 배낭 하나 메고서
답답했던 일상과 도심을 벗어나
Du Du Du Du
Du Du Du Du
떠나볼래요
우리 함께 가요
Du Du Du Du Du
행복 가득 담은 배낭 하나 메고서
답답했던 일상과 도심을 벗어나
Du Du Du Du
Du Du Du Du
떠나볼래요
우리 함께 가요
Du Du Du Du Du
Du Du Du Du
Du Du Du Du
떠나볼래요
Du Du Du Du
Du Du Du Du
떠나볼래요
Du Du Du Du
Du Du Du Du
지금 떠나요"
25,내가 아니라도,주호,"사랑이었다 별거 없던 내 하루에
빛이 돼준 단한 사람
나보다 나를 더 아껴 주던 너를
그땐 왜 몰랐을까
행복이었다 다시는 없을 것 같던
잠시나마 행복했었다
다른 사람 곁에 있는 널
생각해 본 적 없지만
이젠 너를 보내줘야 할 것 같아
내가 아니라도
눈부시게 사랑받았을 너라서
그 소중한 시간을 나와 함께해 줘서
고마웠어
예쁘고 아름다웠던 너의 그날에
함께했던 그 모든 순간이 행복했어
내 전부였다 무엇도 바꿀 수 없던
우리라서 행복했었다
다른 누구라도
나보다 더 좋은 사람 만나서
이젠 나를 잊고 행복하게 살아
내가 아니라도
눈부시게 사랑받았을 너라서
그 소중한 시간을 나와 함께해 줘서
고마웠어
예쁘고 아름다웠던 너의 그날에
함께했던 그 모든 순간이 행복했어
어두웠던 내 하루에
빛이 되어주던 그날들을
어떻게 잊고 살아
과분했던 너라는 사람을 만나
누구보다 사랑했었다
내가 아니었다면
눈부시게 사랑받았을 너란 걸
이 세상에 누구보다 더 잘 알아서
미안했어 너와 함께한 날들이
더 말할 게 있을까
행복한 기억만 가져갈게"
26,이제 나만 믿어요,임영웅,"무얼 믿은 걸까 부족했던 내게서
나조차 못 믿던 내게 여태 머문 사람
무얼 봤던 걸까 가진 것도 없던 내게
무작정 내 손을 잡아 날 이끈 사람
최고였어
그대 눈 속에 비친 내 모습
이제는 내게서 그댈 비춰줄게
궂은 비가 오면
세상 가장 큰 그대 우산이 될게
그댄 편히 걸어가요
걷다가 지치면
내가 그대를 안고 어디든 갈게
이제 나만 믿어요
나만 두고 가던
나만 스쳐 간 행운이 모여
그대가 되어서 내게 와준 거야
궂은 비가 오면
세상 가장 큰 그대 우산이 될게
그댄 편히 걸어가요
걷다가 지치면
내가 그대를 안고 어디든 갈게
이제 나만 믿어요
나의 마지막 주인공이 되어
다신 누구 앞에서도
그대는 고개 숙이지 마요
내가 보지 못했던 홀로 고단했던 시간
고맙고 미안해요 사랑해요
이 세상은
우리를 두고 오랜 장난을 했고
우린 속지 않은 거야
이제 울지 마요
좋을 땐 밤새도록 맘껏 웃어요
전부 그대 꺼니까
그대는 걱정 말아요
이제 나만 믿어요"
27,아버지,임영웅,"하얀 머리 뽑아 달라며
한 개 백 원이라던
그 시절 다 지나가고
이젠 흰 눈만 남았네
그렇게도 힘이 드냐며
나를 위로하시다
어느새 잠들어버린
주름만 남은 내 아버지
세상이 아무리 힘들어도
당신 있으면 견딜 것 같아
오래오래 날 지키며
그냥 곁에만 있어 주세요
활짝 웃는 모습이 어린애 같아 보여도
아프다 말도 못 하는 사람
이제는 내가 지켜줄게
어린아이로 돌아가 버린
사랑하는 내 아버지
오래오래 날 지키며
그냥 곁에만 있어 주세요
활짝 웃는 모습이
어린애 같아 보여도
아프다 말도 못 하는 사람
이제는 내가 지켜줄게
어린아이로 돌아가 버린
사랑하는 내 아버지
사랑해요 내 아버지"
28,정이라고 하자 (Feat. 10CM),BIG Naughty (서동현),"Back to the day
갓 10대가 됐을 때
그때 내가 널 보지 못했다면
어땠을까 해
왜인지 외로워지는 밤에 You say
흐린 추억 속에 네게 안겨 잠드네
Yeah 친구들과의 술자리
나는 또 네 얘기를 꺼내
보고 싶다는 넋두리에
친구들 답은 뻔해
10년도 더 된 애를 사랑할 수 있냬
이제 그만 잊으래
근데 그게 잘 안돼
그래 걔 말마따나
넌 아담의 사과일 수도
But 난 신을 안 믿으니까
네 전화 바로 픽업
지금 주소 찍어
어디든 상관없어 다 갈 테니까
그건 사랑이 아냐
그건 미련이 아냐
그냥 정이라고 하자
임마 네가 뭘 알아
이건 사랑이 맞아
분명 약속했단 말이야
I know I’m wrong
그 자리에 그대로
두고 온 기억들을
더듬고 있을 때면
You say
그건 사랑이 아냐
그건 미련이 아냐
그냥 정리하고 가자
아메리카노보단 라떼를
맛있게 내리던 네 집 앞 카페를
매일 같이 갔었었던 그때를
내려줄게 쓰지 않아 이제는
넌 매일 밤 예뻐 예뻐
해주며 날 재워 재워
식어버린 널 데워 태워
꿈에서 날 깨워 줘
버려진 기억들 속에서
쓸만한 컷들을 찾고 있어
이미 내 곁에 더는 없는 너지만
난 너를 느낄 수 있어
닿을 듯 안 닿을 듯
떠나는 뒷모습이
왜인지 행복해 보여
너라도 행복해줘
그건 사랑이 아냐
그건 미련이 아냐
그냥 정이라고 하자
임마 네가 뭘 알아
이건 사랑이 맞아
분명 약속했단 말이야
I know I’m wrong
그 자리에 그대로
두고 온 기억들을
더듬고 있을 때면
You say
그건 사랑이 아냐
그건 미련이 아냐
그냥 정리하고 가자
그건 사랑이 아냐
그건 미련이 아냐
그냥 정이라고 하자
임마 네 말이 맞아
이건 사랑이 아냐
그냥 정리하고 가자"
29,FEARLESS,LE SSERAFIM (르세라핌),"Bam ba ba ba ba bam ba ba ba ba bam
Ba ba ba ba bam
Bam ba ba ba ba bam ba ba ba ba bam
Ba ba ba ba bam

제일 높은 곳에 난 닿길 원해 느꼈어 내 answer
내 혈관 속에 날뛰는 new wave 내 거대한 passion
관심 없어 과거에 모두가 알고 있는 그 트러블에 huh
I'm fearless a new b**ch new crazy 올라가 next one

밟아줘 highway highway
멋진 결말에 닿게
내 흉짐도 나의 일부라면
겁이 난 없지 없지

What you lookin’ at
What you what you lookin’ at
What you lookin’ at
What you what you lookin’ at
What you lookin’ at
What you what you lookin’ at
Mmmm I’m fearless huh

You should get away
Get a get a get away
다치지 않게 다치 다치지 않게
You should get away
Get a get a get away
Mmmm I’m fearless huh

Bam ba ba ba ba bam ba ba ba ba bam
Ba ba ba ba bam
Bam ba ba ba ba bam ba ba ba ba bam
Ba ba ba ba bam

욕심을 숨기라는 네 말들은 이상해
겸손한 연기 같은 건 더 이상 안 해
가져와 forever win 내게 ay
가슴팍에 숫자 1 내게 ay
내 밑으로 조아린 세계 ay
Take the world break it down break you down down

밟아줘 highway highway
멋진 결말에 닿게
내 흉짐도 나의 일부라면
겁이 난 없지 없지

What you lookin’ at
What you what you lookin’ at
What you lookin’ at
What you what you lookin’ at
What you lookin’ at
What you what you lookin’ at
Mmmm I’m fearless huh

You should get away
Get a get a get away
다치지 않게 다치 다치지 않게
You should get away
Get a get a get away
Mmmm I’m fearless huh

Bam ba ba ba ba bam ba ba ba ba bam
Ba ba ba ba bam
Bam ba ba ba ba bam ba ba ba ba
Mmmm I’m fearless huh

더는 없어 패배
준비된 내 payback
Bring it 당장 내게
Mmmm I’m fearless huh

What you lookin’ at
What you what you lookin’ at
What you lookin’ at
What you what you lookin’ at
What you lookin’ at
What you what you lookin’ at
Mmmm I’m fearless huh

You should get away
Get a get a get away
다치지 않게 다치 다치지 않게
You should get away
Get a get a get away
Mmmm I’m fearless huh"
30,A bientot,임영웅,"A bientot
A bientot
이 밤이 지나면 괜찮아질 수 있을까
쓰린 내 맘이 회복될 수가 있을까
네가 떠난 빈자리가 너무 크니까
그 공허함에 깔려 겨우 살고 있잖아
기억은 잔인하고 후유증은 지독해
겨우 잠을 이뤄도 꿈자리는 뒤숭숭해
마음의 반을 도려내 버리고 난 후에
너라는 감옥에서 풀려날 수 있었네
38도 탕 안처럼 포근한
그날의 온도는 아직도 나의 가슴에
깊게 뿌리내려 뻗어 미련이란 놈은
공기처럼 내 마음을 드나드네
넌 빌런이자 하나님이야
셀 수 없는 많은 노래를
잉태하고 부숴버렸네
널 향해 나는 기도해
널 향해 나는 기도해
A bientot
A bientot
인생은 너무 외로워
너에게 전화를 거네요
A bientot
A bientot
인생은 너무 외로워
너에게 전화를 거네요
이럼 안되지만
그때 우린 뜨거운 용암처럼 사랑했네
너의 영은 열이 되어 내 몸에 있네
가열된 너의 온기가 아직도 식질 않네
늦은 새벽 눈물로 가득 찬 내 베개
사진에 찍혀 있던 우리들의 손가락
추억이 되어 흘러내리는 그 손가락
우리의 추억들이 나는 너무 좋았지
라디오에서 소개된 사연들처럼
난 요새
Young Thug Pick Up The Phone
꽂혀있어
너는 어떤 노래를 듣는지 궁금해
아직도 힙합을 듣고 있어
힙합을 듣고 있다면 언젠가
이 노래도 들을 수 있을까
넌 나에게 음악 그 이상의 존재였어
서로를 이해하는 법 몰랐었던 우리들
서툶 때문에 상처를 주고받곤 했잖아
함께 나눈 감정들 너무 달달했기에
다시 예전으로 발걸음을 돌려보려 해도
A bientot
A bientot
인생은 너무 외로워
너에게 전화를 거네요
A bientot
A bientot
인생은 너무 외로워
너에게 전화를 거네요
이럼 안되지만
인생이 너무 외로워
허공에 말을 걸지만
그건 단조로운 리듬이 돼
그건 단조로운 리듬이 돼
마음이 너무 외로워
허공에 말을 걸지만
그건 단조로운 리듬이 돼
그건 단조로운 리듬이 돼
그건 단조로운 리듬이
그건 단조로운 리듬이 되고 있네
A bientot
A bientot
이제는 너를 잊을게 잊을게
A bientot"
31,보고싶었어,WSG워너비 (4FIRE),"너를 정말 사랑했나 봐 아직도 널 못 잊었나 봐 자꾸만 생각나

시간은 왜 자꾸 나에게 아픈 기억은 다 지우고 좋은 추억만 남아

우 함께 울고 웃던 계절에 다시 만난다면

보고싶었어 사랑했던 그때의 너와
니 곁에 그리고 나 널 바라만 봐도 눈물 나게

마냥 좋았어 너에게 못다 한 그 말
조금은 늦었겠지만 아직 널 사랑한다고 말야

라라라 라라라라랄랄라 라라라라랄랄라
보고싶었어

라라라 라라라라랄랄라 라라라라랄랄라
너도 내 맘 같기를

그땐 정말 어렸었나봐 사랑을 잘 몰랐었나 봐
그게 마음이 아파

우 오늘처럼 눈부신 날에 다시 만난다면

보고싶었어 사랑했던 그때의 너와
니 곁에 그리고 나 널 바라만 봐도 눈물 나게

마냥 좋았어 너에게 못다 한 그 말
조금은 늦었겠지만 (늦었겠지만) 아직 널 사랑한다고

꽃 피는 봄이 온 것처럼
당연한 듯 내곁에 머물 줄만 알았어 (항상)

주는 게 사랑이란 걸 그때야 난 깨달았어
니가 떠난 후에야

나 너에게 참 고마웠다고 벅차 행복했다고
사랑을 가르쳐 준 니가 참

보고싶었어 (보고싶었어) 너에게 듣고 싶은 말
아직 늦지 않았다고 (늦지 않았다고) 너도 날 기다렸다고 말야

라라라 라라라라랄랄라 라라라라랄랄라
보고싶었어 (Baby can you call me now)
라라라 라라라라랄랄라 라라라라랄랄라

너도 내 맘 같기를"
32,너의 모든 순간,성시경,"이윽고 내가 한눈에
너를 알아봤을 때
모든 건 분명 달라지고 있었어
내 세상은 널 알기 전과 후로 나뉘어
니가 숨 쉬면 따스한 바람이 불어와
니가 웃으면 눈부신 햇살이 비춰
거기 있어줘서 그게 너라서
가끔 내 어깨에 가만히 기대주어서
나는 있잖아 정말 빈틈없이 행복해
너를 따라서 시간은 흐르고 멈춰
물끄러미 너를 들여다 보곤 해
그것 말고는 아무것도 할 수 없어서
너의 모든 순간 그게
나였으면 좋겠다
생각만 해도 가슴이 차올라
나는 온통 너로
보고 있으면 왠지 꿈처럼 아득한 것
몇 광년 동안 날 향해 날아온 별빛
또 지금의 너
거기 있어줘서 그게 너라서
가끔 나에게 조용하게 안겨주어서
나는 있잖아 정말 남김없이 고마워
너를 따라서 시간은 흐르고 멈춰
물끄러미 너를 들여다보곤 해
너를 보는 게 나에게는 사랑이니까
너의 모든 순간 그게
나였으면 좋겠다
생각만 해도 가슴이 차올라
나는 온통 너로
니 모든 순간 나였으면"
33,나의 X에게,경서,"우리 다시 만날래
예쁘게 빛나던
모든 추억들이
너무 그리워
너의 품에 안길래
이 밤이 새도록
네게 말할 거야
너를 좋아한다고
안녕 그대야
요즘 어떻게 지내
가로수길 걷다가
생각이 나서
행복해 보이는 사람들 속에
우리 둘만 없어서
어색했었어
늘 집에 갈 땐
항상 뒤돌아보면
날 보며 웃어주던
네가 생각났어
우리 다시 만날래
예쁘게 빛나던
모든 추억들이
너무 그리워
너의 품에 안길래
이 밤이 새도록
네게 말할 거야
너를 좋아한다고
토요일마다 가던
한강공원에
이어폰 하나씩
나눠끼고서
벚꽃엔딩같이 듣고 있으면
부러울 게 없었어
너만 있으면
널 사랑할 때
내가 너무 그리워
날 보며 웃어주던
네가 보고 싶어
우리 다시 만날래
예쁘게 빛나던
모든 추억들이
너무 그리워
너의 품에 안길래
이 밤이 새도록
네게 말할 거야
너를 좋아한다고
같이 별 보러 갈래
널 다시 만나면
네 옆에 기대서
잠들고 싶어
너의 품에 안길래
이 밤이 새도록
내 곁에 있어줘
내겐 너뿐이라고"
34,ELEVEN,IVE (아이브),"따분한 나의 눈빛이
무표정했던 얼굴이
널 보며 빛나고 있어
널 담은 눈동자는 odd

내 안에 빼곡하게 피어나는 blue
내가 지금 느끼는 이 감정들은 true
내 입술을 간지럽힌 낯선 그 이름
난 몰랐어 내 맘이 이리 다채로운지

긴 꿈을 꾸게 해 이 방은 작은 heaven
춤을 추곤 해 실컷 어지러울 만큼
Oh my, oh my god
한 칸 더 채우고 있어
잘 봐 1, 2, 3, 4, 5, 6, 7
You make me feel like eleven

투명한 너와 나의 사이
가만히 들여다보다
일렁인 물결 속으로
더 빠져드는 걸

그날 향기로운 보랏빛의 mood
셀 수 없이 반복해도 기분 좋은 꿈
감히 누가 이렇게 날 설레게 할 줄
난 몰랐어 내 맘이 이리 다채로운지

긴 꿈을 꾸게 해 이 방은 작은 heaven
춤을 추곤 해 실컷 어지러울 만큼
Oh my, oh my god
한 칸 더 채우고 있어
잘 봐 1, 2, 3, 4, 5, 6, 7
You make me feel like eleven

내 앞에 있는 너를
그 눈에 비친 나를 (그 눈에 비친 나를)
Aya, aya, aya (가만히 바라봐)
내 앞에 있는 너를
그 눈에 비친 나를
가만히 바라봐

Don't say now
서둘러 오진 마
이 순간이 좋아 난
미처 몰랐어 내 맘이 이리 다채로운지

긴 꿈을 꾸게 해 이 방은 작은 heaven
춤을 추곤 해 실컷 어지러울 만큼
Oh my, oh my god
한 칸 더 채우고 있어
잘 봐 1, 2, 3, 4, 5, 6, 7
You make me feel like eleven

내 앞에 있는 너를
그 눈에 비친 나를
Aya, aya, aya
내 앞에 있는 너를
그 눈에 비친 나를
사랑하게 됐거든"
35,손이 참 곱던 그대,임영웅,"손이 참 곱던 그대 어느새 이렇게
내 맘 깊숙이 스며들었나요
나 그대의 그 미소에
맘이 떨려 한순간
그대 때문에 음흠 그대여 음흠
날 받아 주세요
나 그대에게 안길게요
한순간에 일초만에
당장 너에게 달려갈게
저 붉은 태양보다 그대만
저 푸른 하늘보다 그대만
사랑해 너무 사랑해
세상 그 무엇보다
밝게 날 비추네 음흠
그대여 음흠
날 받아 준다면
다 그대에게 바칠게요
내 하루의 일분일초까지
당신만 생각할게
저 붉은 태양보다 그대만
저 푸른 하늘보다 그대만
사랑해 너무 사랑해
세상 그 무엇보다
밝게 날 비추네 음흠 그대여 유후
저 지는 노을보다 그대만
저 우주 별빛보다 그대만
사랑해 너를 사랑해
세상 그 무엇보다
밝게 날 비추네 음흠 그대여 음흠
손이 참 곱던 그대
내 맘 깊숙이
나 그대의 그 미소에 음흠"
36,That That (prod. & feat. SUGA of BTS),싸이 (PSY),"20 22
PSY Coming back (이리 오너라)

Long time no see huh?
오래간만이지 huh?
우리 다시 웃고 울고 지지고 볶고
Let’s get loco

Pandemic's over uh
그래 기분이 오져 uh
다시 그분이 오죠 uh
Everybody say

뻑적지근해
걸쩍지근해
시끌벅적거리네
너무 좋아 북적거리네
동서남북 Aye
강남강북 Aye
싹 다 모여 Throw yo hands in the air
I say yeah

Can you feel it?
Can you feel it?
Oh oh woo yeah Oh woo oh

Can you feel it?
Can you feel it?
Oh oh woo yeah Ah

준비하시고 (Go) 쏘세요 (Oh)
That that I like that (Like that)
기분 좋아 Babe (Babe)
흔들어 좌 우 위 아래로 (Sing it)
One two three to the four (Sing it)

That that I like that
That that I like that babe
That that I like that
It’s like that that yo

That that I like that
That that I like that babe
That that I like that
It’s like that

야 내가 뭐 하는 사람인지 까먹었지?
That that I like that (Like that)
시간이 지나도 변함없이
That that I like that (Like that)
I don't care I don't care that I like that
That that I like that (Like that)
내가 바라보고 바라왔던 사람들아
모두 다 Ready set go
되려 늘어난 맷집 때리던 분이 불편하겠지
너네 바람대로 망할 거라 고사 지낸
사람들을 모아다가 가볍게 때찌
적당히 하라고 Oh oh oh
그냥 닥치고 다 같이 놀아보자고 Oh oh oh
민윤기와 박재상

Can you feel it?
Can you feel it?
Oh oh woo yeah Oh woo oh

Can you feel it?
Can you feel it?
Oh oh woo yeah Ah

준비하시고 (Go) 쏘세요 (Oh)
That that I like that (Like that)
기분 좋아 Babe (Babe)
흔들어 좌 우 위 아래로 (Sing it)
One two three to the four (Sing it)

That that I like that
That that I like that babe
That that I like that
It’s like that that yo

That that I like that
That that I like that babe
That that I like that
It’s like that that yo

Do what you wanna
Say what you wanna
Do what you wanna (Say what?)
That that I like that babe

Do what you wanna
Say what you wanna
Do what you wanna (Say what?)
That that I like that babe
That that I like that"
37,인생찬가,임영웅,"꿈처럼 지나간 시간
나는 무얼 찾고 싶었나
지도도 없이 걸어온 삶을
후회하진 않으리
떠난 어제는 떠날 오늘로
남겨지기도 하지
나의 친구여 나의 형제여
내 이름 불러주오
미안하다 나의 인생아
앞만 보며 살아왔구나
찬란한 순간이여 영원하라
내일은 처음 가는 길
언제나처럼 또 두려워
버들강아지 활짝 웃는 날
후회하지 않으리
비가 내리면 노래하리
눈이 내려도 좋아
나의 친구여 나의 형제여
내 이름 불러 주오
미안하다 나의 인생아
앞만 보며 살아왔구나
찬란한 순간이여 영원하라
영원한 순간이여 찬란하라"
38,사랑해 진짜,임영웅,"숱한 날들 모두 내게 남아있는 추억들
빛바랜 기억들 사이
그대 모습만이 아련하게 빛나네
지나간 세월이 야속하진 않아
그댈 만났으므로
피어날 내일을 기대해 오
그대 내게 와줬으니
나 진짜 진짜 당신만을 사랑하고 사랑해
내 삶의 반쪽 그대만을
아 나는 그대만 보고 있어
아 나는 그대를 사랑합니다
오색빛의 색이 물든 미완성의 그림 하나
그래 내 마음 같겠지
어느 날 그대가 내게 오기 전까지
지나간 시간이 야속하진 않아
그댈 만났으므로
피어날 내일을 기대해
그대 내게 와줬으니
나 진짜 진짜 당신만을 사랑하고 사랑해
내 삶의 반쪽 그대만을
아 나는 그대만 보고 있어
아 나는 그대를 사랑합니다
내게 와준 그대여 고맙고 또 고마워
하늘이 무너져도 그댈 찾을 수 있어
나 진짜 진짜 당신만을 사랑하고 사랑해
내 삶의 반쪽 그대만을
아 나는 그대만 보고 있어
아 나는 그대를 사랑합니다
그대를 사랑합니다"
39,떠나보낼 준비해 둘걸 그랬어,임한별,"너랑 입으려 고른 옷 오늘 받아봤어
오래 걸려서 잊고 있었는데
곧 있을 너의 생일에 예약해놨던
커플링마저 취소를 했어
우리 헤어지는 게 이젠 혼자라는 게
아직 실감이 안 나는데 난 어떡할까
너를 떠나보낼 준비해 둘걸 그랬어
나랑 있으면
어떤 불편도 괜찮은 줄만 알았어
다급히 네 맘을 붙잡으려 해도
이미 마음 정해버린
너의 대답에 아무 말 못 하던
끝까지 바보 같던 내가 싫어
멍하니 있다가도 전화벨이 울리면
네 목소리가 들릴 것 같아 어떡할까
너를 떠나보낼 준비해 둘걸 그랬어
나랑 있으면
어떤 불편도 괜찮은 줄만 알았어
다급히 네 맘을 붙잡으려 해도
이미 마음 정해버린
너의 대답에 아무 말 못 하던
끝까지 바보 같던 내가 싫어
날 보기 싫겠지만
어떻게든 널 붙잡고 싶은데
널 되돌릴 방법이 없어
네가 없는 나의 하루는
아무것도 잡히지가 않아
다 미안해 보고 싶어
사랑한다는 말 많이 해줄 걸 그랬어
사랑받으면 예뻐진다는데
나 땜에 많이 야위었어
마지막 가는 길 데려다준대도
괜히 맘 약해진다며
뒤도 안 보고 서둘러 떠나던
너의 맘은 그동안 어땠을까"
40,취중고백,김민석 (멜로망스),"뭐하고 있었니 늦었지만
잠시 나올래
너의 집 골목에 있는
놀이터에 앉아 있어
친구들 만나서 오랜만에
술을 좀 했는데
자꾸만 니 얼굴 떠올라
무작정 달려왔어
이 맘 모르겠니
요즘 난 미친 사람처럼
너만 생각해
대책없이 네가 점점 좋아져
아냐 안 취했어 진짜야
널 정말 사랑해
눈물이 날만큼 원하고 있어
정말로 몰랐니
가끔 전화해 장난치듯
주말엔 뭐할거냐며
너의 관심 끌던 나를
그리고 한번씩 누나 주려 샀는데
너 그냥 준다고
생색 낸 선물도 너 때문에 산거야
이 맘 모르겠니
요즘 난 미친 사람처럼
너만 생각해
대책없이 네가 점점 좋아져
아냐 안 취했어 진짜야
널 정말 사랑해
진심이야 믿어줘
갑자기 이런 말 놀랐다면 미안해
부담이 되는게 당연해
이해해 널
하지만 내 고백도 이해해 주겠니 oh
지금 당장 대답하진마
나와 일주일만 사귀어줄래
후회없이 잘 해주고 싶은데
그 후에도 니가 싫다면
나 그때 포기할게
귀찮게 안할게 혼자 아플게
진심이야 너를 사랑하고 있어"
41,연애편지,임영웅,"노을에 물든 저녁 하늘이
오랜만에 참 좋은 저녁입니다
문득 떠오른 그대 생각에
나지막이 이름을 불러봅니다
나도 몰래 꺼내 본 낡은 수첩엔
그대가 너무도 많아
차마 그립단 말 대신
꽃잎을 넣어 보내며
하얀 종이에 하지 못한 말
아직 그댄 내 고운 사랑입니다
외로이 스쳐 창을 흔드는
바람 소리 쓸쓸한 시간입니다
어둠 만들고 초를 태우며
나지막이 그대를 불러봅니다
나도 몰래 꺼내 본 낡은 사진엔
그대가 너무도 많아
차마 그립단 말 대신
바라본 밤하늘에는
아스라이 먼 작은 별 하나
외로이 홀로 남아 깜박입니다
그대를 닮은 작은 별 하나
외로이 홀로 남아 깜박입니다
그대 고운 이름은 사랑입니다"
42,That's Hilarious,Charlie Puth,"Look how all tables,
Look how all the tables have turned,
Guess you’re finally realizing how bad you messed it up
Girl you’re only making,
Girl you’re only making it worse,
When you call like you always do when you want someone

You took away a year,
of my fucking life and I can’t get it back no more
So when I see those tears,
Coming out your eyes I hope it’s me they're for

You didn’t love when you had me
But now you need me so badly
You can’t be serious
That’s hilarious
Thinking I would still want you
After the things you put me through
Yeah you’re delirious
That’s hilarious

Now you put the blame in,
Now you put the blame in reverse,
Tryina make me feel guilty for everything you’ve done
You’re another lesson,
You’re just another lesson I learned
Don’t give your heart to a girl who still got a broken one

You took away a year,
of my fucking life & I can’t get it back no more
So when I see those tears,
Coming out your eyes I hope it’s me they’re for

You didn’t love when you had me
But now you need me so badly
You can’t be serious
That’s hilarious
Thinking I would still want you
After the things you put me through
Yeah you’re delirious
That’s hilarious
You didn’t love when you had me
But now you need me so badly
You can’t be serious (you can’t be serious)
That’s hilarious (that’s hilarious)
Thinking I would still want you
After the things you put me through
Yeah you’re delirious (delirious)
That’s hilarious (that’s hilarious)"
43,내 기쁨은 너가 벤틀리를 끄는 거야,김승민,"baby get the message
life is hard to maintain
your life is like a tape
가끔은 쉽게 발을 빼
분명 네 꿈 짓밟기 위해
신발을 사는 사람 있을 테니
취소가 불가능해 많은 사람들한테
네 말은 세상 비슷한 걸 테니까
참아야 해 아무 답이 없대
남겨지긴 싫고 떠나는 것도 두려워
사람은 잘만 왔다가 떠나는데
선택지가 있는데 안 좋은 결정했대
난 돈은 그럴 때 쓰려고 버는 건데
난 지켜야만 하는 게 너의 자존심인데
다 지키면서 살 수만은 없기에
답이 없네 아무 답이 없네
집에 오는 bus에서 아이처럼
밖을 쳐다보았겠지만
살짝 독해지는 걸 느껴 어른처럼
짐을 싸고 떠날 거야
even if I lose it all
Nike를 신고 멀어지는
거지 같은 거리에서
벌어지는 많은 일 괜찮냐 물었어
넌 oh 넌 아이처럼
maybe or not maybe or not
혼자 다 참아야만 했나 봐
멀어지는 거지 같은 거리에서
벌어지는 많은 일 괜찮냐 물었어
넌 oh 넌 아이처럼
maybe or not maybe or not
혼자 다 삼켜야만 했나 봐
넌 늘 아파하고 난 늘 도와주려고만 하지
구해달라 한적 한번 없이
혼자 붕대를 감지
난 네 등 뒤에 있어 또 등은 손 안 닿고
혼자 낑낑대는 너를 보면 장전된 총
얼굴에 대고 살아가는 것만 같아
넌 나무 위에 올라간
새끼 고양이 같은 거 아니라고
혼자 그냥 두라고 슬퍼하게 두라고
혼자 슬퍼해서 좋을 건 또 뭔데
monday to sunday one day to 평생
너가 white frappe나 마시며
수다나 떨길 바래
세월 가면 잊혀질
점수 따위에 연연하지 말고
너의 dice 낮게 나오면 나에게 말해
너의 하루가 매일 행복 일순 없겠지만
내 역할은 그 사실을 부정하는 것
널 다치게 한 하루를 용서하지도 말 것
물밀려 오듯 올 거야
위험은 pied piper
그 위험은 다 나의 것
넌 알아둬야 해 이걸
언젠간 나 역시도
무너져 버리고 말 거야
이 거지 같은 세상에서
혼자는 불가능하겠지만
그때 가선 너의 가족을 꾸리게 될 거야
너무 좋은 거래엔 항상 거짓이 섞여 있어
사람을 곁에 두되 너무 믿지 말 것
내가 너한테 그랬었던 것처럼 무조건
너의 아이들을 절대적으로 지킬 것"
44,FOREVER 1,소녀시대 (GIRLS' GENERATION),"FOREVER 1
It’s love It’s love
We’re not stopping

네가 머문 이 세상이 더
아름다운 건
겁 없이 외치던 말 '사랑해 너를'
영원하기에
You and I

터지는 눈물이
말하잖아
난 그냥 전부 던진 거야

아무런 망설임 따위도
멋대로 끌렸던 그대로
Oh my baby 달려가 안을게

I love 너의 모든 것, 내 전부인 너
우리는 영원
We are one

전율 속에 뜨거운 그 맘을 던져
Just like a love bomb
We are one

Girls, We are forever
(Yeah we are, We’re still FOREVER 1)

It’s now or never
(We keep on, We’re still FOREVER 1)

Yeah we’re forever
(Yeah we are, We’re still FOREVER 1)

날 꼭 안아 절대 놓치지 마
가슴이 뛰잖아

다시는 아파하지 마
너의 마음을
우린 다 알아
다 알아

내 곁에 있어 줘
이 순간도 마지막처럼
You know your love is crazy 항상 그랬지
Oh my baby 사랑해 기억해

I love 너의 모든 것, 내 전부인 너
우리는 영원
We are one

전율 속에 뜨거운 그 맘을 던져
Just like a love bomb
We are one

Girls, We are forever
(Yeah we are, We’re still FOREVER 1)

It’s now or never
(We keep on, We’re still FOREVER 1)

Yeah we’re forever
(Yeah we are, We’re still FOREVER 1)

언제나 너의 곁에 있고 싶은데
널 생각하면 강해져
There’s no one like you, no one like you
우리 꼭 영원하자

우리 머문 이 세상에서
네게 말했어
다시 태어나도 널 사랑할게
Cause we are the one

I love 너의 (Ooh I Love 나의)
모든 것 내 전부인 너 (전부인 너)
우리는 영원 (Ooh)
We are one

전율 속에 (그 전율 속에)
뜨거운 그 맘을 던져
Just like a love bomb (Just like a love bomb)
We are one

Girls, We are forever
(Yeah we are, We’re still FOREVER 1)

It’s now or never
(We keep on, We’re still FOREVER 1)

Yeah we’re forever
(Yeah we are, We’re still FOREVER 1)"
45,다정히 내 이름을 부르면,"경서예지, 전건호","끝없이 별빛이 내리던 밤
기분 좋은 바람이
두 빰을 스치고
새벽 바다 한곳을 보는
아름다운 너와 나
그림을 그려갔어
모래 위 떨린 손끝으로
날 향해 웃어주는 입술
끝 모양과 저 달보다
사랑스러운 두 눈을 가진 네가
다정히 내 이름을
부르면 내 마음이
녹아내려 언제나
나 하날 위해 준비된
선물 같아 널 안으면
잠들지 않는 바다 위를
너와 함께 걷는 거 같아
하늘 아래 너와 나
남은 내 모든 날을 너에게
다 줘도 안 아까워
이제서야 내가
사랑에 눈을 뜬 건 가봐
경험하지 못했고
믿기지 않는 일만
일어나고 있는 거 아니
5월에 피는 봄꽃 처럼
내 사랑도 피어나
부는 바람에 살며시 실어 보내
다정히 내 이름을
부르면 내 마음이
녹아내려 언제나
나 하날 위해 준비된
선물 같아 널 안으면
잠들지 않는 바다 위를
너와 함께 걷는 거 같아
하늘 아래 너와 나
설레는 지금이
꿈이 아닌 걸 알잖아
난 더 바랄 게 없어
먼 훗날 내 생애
아주 작은 소리로
귓가에 말할 거야
내 곁에 머물러줘서
마음 다해 고맙다고
어떤 말로도 표현 못 할
내 인생의 전부였다고
이 순간 너를 꼭 안고
고백할게 언제나
우리 모든 날들과
별빛 아래 우리 그림자
제일로 특별하다고
길고 긴 겨울 끝을 지나
너의 앞에 서있는 지금
선명한 목소리로
널 사랑한다고
말할게"
46,LOVE me,BE'O (비오),"Hey girl, Where you at? (Where you at?)
대체 어디서 뭐 하는지 궁금해
기분이 너무 Bad Bad (So bad)
침대가 허전해 잠이 안 오잖아

재미도 없어 TV show
너 데리고 놀던 Pretty boy
그 고민을 내게 털어놓던
너의 표정이 아직 선명해

소파에 벤 니 향기가 비릿해
내 몸이 자꾸 빠져 깊이 Yeah
미리 알아도 난 이리
멍청하게 행동을 해버린다니까

Oh please
Love me love me love me
I know, I'm stupid
어쩔 수 없어 널 보고 싶은걸

Oh please
Love me love me love me
I know, I'm stupid
어쩔 수 없어 널 보고 싶은걸

Now I say I love you
So I love you
Now I say I love you
나 아프더라도 몰라

Now I say I love you
So I love you
Now I say I love you
나 아프더라도 몰라

Oh please
Love me love me love me
I know, I'm stupid
어쩔 수 없어 널 보고 싶은걸

Oh please
Love me love me love me
I know, I'm stupid
어쩔 수 없어 널 보고 싶은걸
Now I say I love you

Try Try
말할까 내 불안에 불안을
끊겼다는 Wi-Fi
이젠 안 믿어 Lie Lie
매일 빠져있던 너의 반지같이
허전함 사이사이
그 자리의 기회를
아무에게나 주고 또 Bye Bye

너는 넘 빨리 들렀다 가기 땜에
나는 타이밍 안 맞아 매일 바삐
화를 내야 할지 아니면 그냥 아기처럼
울어버리고서 떼를 써야 할지

I don't know 아예 모르겠어
이러니 내가 노력해도
시간이 없으니 어쩌겠어
할 말이 하나밖에 더 있겠어

Oh please
Love me love me love me
I know, I'm stupid
어쩔 수 없어 널 보고 싶은걸

Oh please
Love me love me love me
I know, I'm stupid
어쩔 수 없어 널 보고 싶은걸

Now I say I love you
So I love you
Now I say I love you
나 아프더라도 몰라

Now I say I love you
So I love you
Now I say I love you
나 아프더라도 몰라

Oh please
Love me love me love me
I know, I'm stupid
어쩔 수 없어 널 보고 싶은걸

Oh please
Love me love me love me
I know, I'm stupid
어쩔 수 없어 널 보고 싶은걸
Now I say I love you

Oh please
Love me love me love me

Oh please
Love me love me love me

Oh please
Love me love me love me
I know, I'm stupid
어쩔 수 없어 널 보고 싶은걸
Now I say I love you"
47,사랑역,임영웅,"돌고 돌아 사랑역
다시 한번 내렸네
아픔만 두고 떠나가는
저 기차는 말이 없는데
이리 갈까 저리 갈까
몇 번을 물어보아도
돌아온 대답은 멀어지는
멀어지는 기적 소리뿐
아 아 아 사랑역 나에겐 눈물역
돌고 돌아 사랑역
다시 한번 내렸네
상처만 두고 떠나가는
저 기차는 말이 없는데
남은 짐 구겨 넣고
돌아서는 내 모습이
마주친 대합실 창 너머로
쓸쓸히 웃음 짓는다
아 아 아 사랑역 나에겐 눈물역
이리 갈까 저리 갈까
몇 번을 물어보아도
돌아온 대답은 멀어지는
멀어지는 기적 소리뿐
아 아 아 사랑역 나에겐 눈물역
나에겐 눈물역"
48,보금자리,임영웅,"그대 사랑이 나였음 좋겠다
아무것도 필요 없어요
든든한 품에 안겨 잠들고 싶어라
내 사랑의 보금자리
아무것도 바라지 않아요
당신만 있으면 돼
한 눈 팔지 않고 사랑할래요
돈도 필요 없어 백도 필요 없어
당신만 있으면 돼
그대 사랑이 나였음 좋겠다
아무것도 필요 없어요
든든한 품에 안겨 잠들고 싶어라
내 사랑의 보금자리
아무것도 바라지 않아요
당신만 있으면 돼
한 눈 팔지 않고 사랑할래요
돈도 필요 없어 백도 필요 없어
당신만 있으면 돼
아무것도 바라지 않아요
당신만 있으면 돼
한 눈 팔지 않고 사랑할래요
돈도 필요 없어 백도 필요 없어
당신만 있으면 돼
당신만 있으면 돼"
49,사랑해요 그대를,임영웅,"너무나 고마운 사람
너무나 따뜻한 사람
한 번도 잊어본 적 없는
내 마음속에 그 사람
나 그대 생각만 해도
가슴이 뭉클해지고
그런 당신 내 곁에 있어
나는 행복한 사람
그대는 나만의 사랑
그대는 나만의 행복
세월 가도 영원히
당신은 나만의 사랑
사랑해요 그대를
사랑해요 그대를
이 생명 다할 때까지
당신은 내 사랑
사랑해요 그대를
사랑해요 그대를
이 생명 다할 때까지
당신은 내사랑
그대는 나만의 사랑
그대는 나만의 행복
세월 가도 영원히
당신은 나만의 사랑
사랑해요 그대를
사랑해요 그대를
이 생명 다할 때까지
당신은 내 사랑
사랑해요 그대를
사랑해요 그대를
이 생명 다할 때까지
당신은 내 사랑"
50,Dynamite,방탄소년단,"Cos ah ah
I’m in the stars tonight
So watch me bring the fire
and set the night alight
Shoes on get up in the morn
Cup of milk let’s rock and roll
King Kong kick the drum
rolling on like a rolling stone
Sing song when I’m walking home
Jump up to the top LeBron
Ding dong call me on my phone
Ice tea and a game of ping pong
This is getting heavy
Can you hear the bass boom
I’m ready
Life is sweet as honey
Yeah this beat cha ching
like money
Disco overload I’m into
that I’m good to go
I'm diamond you know I glow up
Hey so let’s go
Cos ah ah
I’m in the stars tonight
So watch me bring the fire
and set the night alight
Shining through the city
with a little funk and soul
So I’mma light it up
like dynamite woah
Bring a friend join the crowd
Whoever wanna come along
Word up talk the talk
just move like we off the wall
Day or night the sky’s alight
So we dance to the break of dawn
Ladies and gentlemen
I got the medicine
so you should keep ya
eyes on the ball huh
This is getting heavy
Can you hear the bass boom
I’m ready
Life is sweet as honey
Yeah this beat cha ching
like money
Disco overload
I’m into that I’m good to go
I'm diamond you know I glow up
Let’s go
Cos ah ah
I’m in the stars tonight
So watch me bring the fire
and set the night alight
Shining through the city
with a little funk and soul
So I’mma light it up
like dynamite woah
Dynnnnnanana life is dynamite
Dynnnnnanana life is dynamite
Shining through the city
with a little funk and soul
So I’mma light it up
like dynamite woah
Dynnnnnanana eh
Dynnnnnanana eh
Dynnnnnanana eh
Light it up like dynamite
Dynnnnnanana eh
Dynnnnnanana eh
Dynnnnnanana eh
Light it up like dynamite
Cos ah ah
I’m in the stars tonight
So watch me bring the fire
and set the night alight
Shining through the city
with a little funk and soul
So I’mma light it up
like dynamite
Cos ah ah
I’m in the stars tonight
So watch me bring the fire
and set the night alight
Shining through the city
with a little funk and soul
So I’mma light it up
like dynamite woah
Dynnnnnanana life is dynamite
Dynnnnnanana life is dynamite
Shining through the city
with a little funk and soul
So I’mma light it up
like dynamite woah"
51,LAW (Prod. Czaer),"윤미래, 비비 (BIBI)","look at my lips
look at my hips
look at me slaying
this whole world
look at me kissin
look at me kickin
이건 바로 사랑과전쟁
look at my lips
look at my hips
look at me slaying
this whole world
look at me kissin
look at me kickin
우린 바로 전사 hear me roar
맘을 열어라
고개를 들어라
몸을 데워라
가서 조져라
imma break it down
like only i can do
bishes talk sht
but they never come thru
when i come thru
best believe it’s over
wanna be around me
but they get the cold shoulder
don’t make me say it
cuz i already told ya
i’m the baddest chick
i done already showed ya
On my way to the top
mad cuz you not
my song in the number 1 spot
who’s hot
니가 뭘 알어
니가 뭐를 알어
내가 움직이기 시작하면
전부 입 닫어
다시 벌어지게 될거니까
니 눈 코입 어깨 발 무릎 발
look at my lips
look at my hips
look at me slaying
this whole world
look at me kissin
look at me kickin
이건 바로 사랑과전쟁
look at my lips
look at my hips
look at me slaying
this whole world
look at me kissin
look at me kickin
이건 바로 사랑과전쟁
맘을 열어라
고개를 들어라
몸을 데워라
가서 조져라
나 운율의 시라소니 마누라
관자놀이 를 밝히는 아우라
허리 밑에 손들은 잿가루가 될 테니
위로 들어 흔들어 다 나와 놀아
다같이 나눠 가져 지금의 짜릿함
모두가 하나되는 아릿다움 ( ) 담
자 이제부터 미래가 시작된 다음
펼쳐져 갇혀 있던 너의 속마음
니가 뭘 알어
니가 뭐를 알어
내가 움직이기 시작하면
전부 입닫어
다시 벌어지게 될거니까
니 눈 코입 어깨 발 무릎 발
look at my lips
look at my hips
look at me slaying
this whole world
look at me kissin
look at me kickin
이건 바로 사랑과전쟁
look at my lips
look at my hips
look at me slaying
this whole world
look at me kissin
look at me kickin
우린 바로 전사 hear me roar
i dropin it i killin it
모르면 외워
gotta get crazy
gotta get hazy
drum and bass를 채워
생각따위 집어쳐
니 몸이 가는대로 move it
내 step by step
세상을 움직이는 매직
break it down like
on your mark
get ready
go
look at my lips
look at my hips
look at me slaying
this whole world
look at me kissin
look at me kickin
이건 바로 사랑과전쟁
look at my lips
look at my hips
look at me slaying
this whole world
look at me kissin
look at me kickin
우린 바로 전사 hear me roar
맘을 열어라
고개를 들어라
몸을 데워라
가서 조져라"
52,I Don't Think That I Like Her,Charlie Puth,"Get her name and get her number
Find out all of the things that we have in common
Never all the differences, oh yeah
Meet her parents, meet her brother
Then she starts sleeping over the crib on weekends
Like a real relationship, oh no
For me the stars are aligning
But for her its bad timin’ so she just can’t be mine

I don't think that I like her anymore cause they're all the same
All they want to do is break my heart, my heart
I don't think that I like her anymore cause they're all the same
They just want to see me fall apart, apart

So I hook up on a rebound
And I say that I'm gonna be single for life
But she's so pretty and nice
So I make just one exception
but I find out eventually I’m not her type
Maybe that’s the reason why

For me the stars are aligning, but for her its bad timin’
So she just can’t be mine

I don't think that I like her anymore cause they're all the same
All they want to do is break my heart, my heart
I don't think that I like her anymore cause they're all the same
They just want to see me fall apart, apart

I'm trying not to be bitter but dammit I miss her
Cause she's one of a kind (one of a kind)
For me the stars are aligning but for her it’s bad timin’
So she just can’t be mine

I don't think that I like her anymore cause they're all the same
All they want to do is break my heart, my heart
I don't think that I like her anymore cause they're all the same
They just want to see me fall apart, apart

Falling, falling, falling, fall apart
I don't think that I like her anymore cause they're all the same
They just want to see me fall apart, apart"
53,새벽에 걸려온 너의 전화는,한동근,"사랑한다 말하고 보고 싶다 말하고
많은 걸 약속하고 미래를 꿈꾸던 날들
내가 줬던 사랑이 당연해진 걸까
언제부터 너의 맘이 변했을까
갑자기 온 전화는 날 불안하게 만들어
혹시 무슨 일 있는 건지 걱정을 하다
다시 만나자고 하지는 않을까
괜한 기대를 해 잠들 수 없어
새벽에 걸려온 너의 전화는
그리움보다는
실수였다고 난 생각할게
냉정하게 뿌리치고 매달렸던
날 밀어낸 넌데
뜨는 너의 이름에 눈물만
미안한 마음이야 아쉬운 마음이야
애써 날 위해 주는척한 행동인 거니
받아볼까 하다 정신을 차렸어
목소리를 들으면 울 것 같아서
새벽에 걸려온 너의 전화는
그리움보다는
실수였다고 난 생각할게
냉정하게 뿌리치고 매달렸던
날 밀어낸 넌데
뜨는 너의 이름에 눈물만
상처받은 내 마음을 알아줘
내가 아픈 만큼 더 힘들어줘
내가 좀 유치해 보인다 해도
새벽에 걸려온 너의 전화는
울리는 단 몇 초의 벨 소리에
널 미워한 맘이
완벽히 무너질 것 같았어
잊으려 몸부림치고
내 삶에서 분명 지웠는데
뜨는 너의 이름에 눈물만"
54,SNEAKERS,ITZY (있지),"Yeah yeah
Let’s go
Like what?
자유로운 기분 I like that
고민 따윈 already done, done
색안경 끼고 보는 게 죄지
That's not my fault woah
Told ya I don't care at all
내 멋대로 갈 거야
필요 없어 order
Don't need no guidance
I'm makin' my way
I'm on my way up
Run to the top
난 언제든 straight up
원래 두려운 게 없어 난
상관없어 call me trouble
or you can call me weirdo
나로 살고 싶어
턱 끝을 치켜올린 채로
다 가질 듯한 attitude 그거면 돼
Put my sneakers on
하나 둘 ready, get set, go
Put my sneakers on
Put 'em up, put 'em up
Put my sneakers on
하나 둘 ready, get set, go
멀리 가보자고 ya ya
Put 'em up, put 'em up
기다리던 순간 stand up, stand up
빨리 뛰는 심장 don't stop, don't stop
Get loose 불태워 지금 my youth
The party ain't started
시작도 안 했어 난
요즘 꽂힌 말이 하나 있지
My best is yet to come
상관없어 call me trouble
or you can call me weirdo
나로 살고 싶어
턱 끝을 치켜올린 채로
다 가질 듯한 attitude 그거면 돼
Put my sneakers on
하나 둘 ready, get set, go
Put my sneakers on
Put 'em up, put 'em up
Put my sneakers on
하나 둘 ready, get set, go
멀리 가보자고 ya ya
Put 'em up, put 'em up
자유롭게 뛰고 싶어 다른 사람
시선들 don't care now
어디까지 가게 될지 모르지만
일단은 start right now
Yeah alright
멈추지 마 to the top
Don’t worry about it cuz you know I
Put my sneakers on
상관없어 call me trouble
or you can call me weirdo
나로 살고 싶어
턱 끝을 치켜 올린 채로
다 가질 듯한 attitude 그거면 돼
You better put your sneakers on
Put my sneakers on
하나 둘 ready, get set, go
Put my sneakers on
Put 'em up, put 'em up
Put my sneakers on
하나 둘 ready, get set, go
멀리 가보자고 ya ya
Put 'em up, put 'em up
자유롭게 뛰고 싶어 다른 사람
시선들 don't care now
어디까지 가게 될지 모르지만
일단은 start right now
Yeah alright
멈추지 마 to the top
같이 걸어 가보자고
Put 'em up, put 'em up"
55,Love story,볼빨간사춘기,"Thought that I was princess
날 좋아하던 그때
수줍게 꽃을 건네던 너에게
웃으며 손을 내밀었지
시간 지나 my birthday
우린 몰래 run away
온통 둘뿐인 밤거릴 걷다가
너와 눈이 마주친 그날
Oh babe 너의 눈동자에 cheers
달빛에 비춰진 우리의 흩어진 잔상
너의 이야기에 취해
밤하늘의 별이 쏟아질 것만 같은 기분
Oh god please this is not a dream
Thought that it was romance
날 바래다준 그때
수줍게 인사를 건네던 너에게
살며시 입을 맞추었지
시간 지나 go on trip
한 손엔 진한 커피
우리가 새긴 별자릴 찾다가
너와 눈이 마주친 그날
Oh babe 너의 눈동자에 cheers
달빛에 비춰진 우리의 흩어진 잔상
너의 이야기에 취해
밤하늘의 별이 쏟아질 것만 같은 기분
Oh oh oh 꿈인가 봐
그래 니가 내 옆에 있는 꿈
Oh oh no
아니잖아 이건 yeah
I got you boy
Oh babe 너의 눈동자에 cheers
붉게 물들어진 우리의 오래된 잔상
너의 이야기에 취해
온 세상의 별이 쏟아질 것만 같은 기분
Oh god please this is not a dream"
56,도깨비불 (Illusion),aespa,"You’re so yummy yummy yummy
In my tummy tummy tummy

Look at you 빨라지는 걸음걸이
Look at me 호기심을 자극하지
Look at them 알아챌 수 없는 거리
Baby don’t panic 한밤의 Party

차올라 달이 딱 좋은 Timing
이건 비밀이야 쉿 우리만의
한밤의 Party 널 끌어당김
어쩌니 내게 뺏겨버린 환심

몽롱한 기분이 좋은 Tonight
색다른 세계로 이끄는 Light

Follow me, Come and get illusion
한입에 삼켜 널 Delicious
아찔한 미끼로 Hook up
관심을 먹고 Growing up
Follow me, Come and get illusion
몸집을 불려가 Delicious
점점 더 커지는 Fire
관심을 먹고 Growing up

(Will o' the wisp)
겁내지 말고 이리 온
(Will o' the wisp)
겁내지 말고 이리 온

Easy peasy 너도 알다시피
When you dizzy 내겐 그저 Dish
도깨비불 너를 놀려 Boo
예상 못 한 순간 등장하지 불쑥

첨 보는 Style 멋모를 Timing
너의 약점에다 Hit! It’s so funny
한밤의 Party 널 끌어당김
알아도 막을 수 없는 반칙

낯선 이 기분이 묘한 Tonight
감춰둔 본능을 이끄는 Light

Follow me, Come and get illusion
한입에 삼켜 널 Delicious
아찔한 미끼로 Hook up
관심을 먹고 Growing up
Follow me, Come and get illusion
몸집을 불려가 Delicious
점점 더 커지는 Fire
관심을 먹고 Growing up
(Will o' the wisp)
겁내지 말고 이리 온
(Will o' the wisp)
겁내지 말고 이리 온

Yummy yummy yummy
In your tummy tummy tummy
놀란 너의 Face 나를 저격하는 Taste
멀리멀리 달아나도 소용없어 이미
Come get illusion
So fool

Follow me, Come and get illusion
유일한 목격자 You’re the one
방심한 틈을 타 Swallow
환상을 먹고 Growing up
Follow me, Come and get illusion
순진한 먹잇감 Delicious
단번에 노리는 Hunter
네 맘을 뺏어 Growing up

(Will o' the wisp)
겁내지 말고 이리 온
(Will o' the wisp)
겁내지 말고 이리 온"
57,Left and Right (Feat. Jung Kook of BTS),"Charlie Puth, 정국, 방탄소년단","INTRO
Memories follow me left and right
I can feel you over here I can feel you over here
you take up every corner of my mind
whatcha gon do now

VERSE 1 (Charlie Puth)
ever since the da day y-you went away
no I don't know how
how to erase your body from out my brain
whatcha gon do now
maybe I should just focus on me instead
But all I think about
are the nights we were tangled up in your bed

oh no (oh no)
oh no (oh no)
you’re going round in circles got you stuck up in my head (yeah)

CHORUS
Memories follow me left and right
I can feel you over here I can feel you over here
you take up every corner of my mind
your love stays with me day and night
I can feel you over here I can feel you over here
you take up every corner of my mind
whatcha gon do now

VERSE 2 (Jung Kook of BTS)
ever since the da da day y-you went away
someone tell me how
how much more do I gotta drink for the pain
whatcha gon do now
you did things to me that I just can't forget
now all I think about
are the nights we were tangled up in your bed
oh no (oh no)
oh no (oh no)
you're going round in circles got ya stuck up in my head

CHORUS
Memories follow me left and right
I can feel you over here I can feel you over here
you take up every corner of my mind
your love stays with me day and night
I can feel you over here I can feel you over here
you take up every corner of my mind
whatcha gon do now

BRIDGE
did ya know you’re the one that got away
and even now baby i'm still not ok
did ya know that my dreams they're are the same
everytime I close my eyes

CHORUS
Memories follow me left and right
I can feel you over here I can feel you over here
you take up every corner of my mind
whatcha gon do now
your love stays with me day and night
I can feel you over here i can feel you over here
you take up every corner of my mind
whatcha gon do now

I can feel you over here I can feel you over here
you take up every corner of my mind
whatcha gon do now"
58,"모든 날, 모든 순간 (Every day, Every Moment)",폴킴,"네가 없이 웃을 수 있을까
생각만 해도 눈물이나
힘든 시간 날 지켜준 사람
이제는 내가 그댈 지킬 테니
너의 품은 항상 따뜻했어
고단했던 나의 하루에
유일한 휴식처
나는 너 하나로 충분해
긴 말 안 해도 눈빛으로 다 아니깐
한 송이의 꽃이 피고 지는
모든 날 모든 순간 함께해
햇살처럼 빛나고 있었지
나를 보는 네 눈빛은
꿈이라고 해도 좋을 만큼
그 모든 순간은 눈부셨다
불안했던 나의 고된 삶에
한줄기 빛처럼 다가와
날 웃게 해준 너
나는 너 하나로 충분해
긴 말 안 해도 눈빛으로 다 아니깐
한 송이의 꽃이 피고 지는
모든 날 모든 순간 함께해
알 수 없는 미래지만
네 품속에 있는 지금 순간 순간이
영원 했으면 해
갈게 바람이 좋은 날에
햇살 눈부신 어떤 날에 너에게로
처음 내게 왔던 그날처럼
모든 날 모든 순간 함께해"
59,STAY,"The Kid LAROI, Justin Bieber","I do the same thing I told you
that I never would
I told you I'd change
even when I knew I never could
I know that I can't find
nobody else
as good as you
I need you to stay
need you to stay hey Oh
I get drunk wake up
I'm wasted still
I realize the time
that I wasted here
I feel like you can't
feel the way I feel
Oh I'll be fucked up
if you can't be right here
Oh ooh-woah
Oh ooh-woah ooh-woah
Oh ooh-woah
Oh ooh-woah ooh-woah
Oh ooh-woah
Oh ooh-woah ooh-woah
Oh I'll be fucked up
if you can't be right here
I do the same thing I told you
that I never would
I told you I'd change
even when I knew I never could
I know that I can't find
nobody else
as good as you
I need you to stay
need you to stay hey
I do the same thing I told you
that I never would
I told you I'd change
even when I knew I never could
I know that I can't find
nobody else
as good as you
I need you to stay
need you to stay hey
When I'm away from you
I miss your touch Ooh
You're the reason
I believe in love Ooh
It's been difficult
for me to trust Ooh
And I'm afraid
that I'ma fuck it up Ooh
Ain't no way
that I can leave you stranded
'Cause you ain't ever left me
empty-handed
And you know that I know
that I can't live without you
So baby stay
Oh ooh-woah
Oh ooh-woah ooh-woah
Oh ooh-woah
Oh ooh-woah ooh-woah
Oh ooh-woah
Oh ooh-woah ooh-woah
I'll be fucked up
if you can't be right here
I do the same thing I told you
that I never would
I told you I'd change
even when I knew I never could
I know that I can't find
nobody else
as good as you
I need you to stay
need you to stay hey
I do the same thing
I told you that I never would
I told you I'd change
even when I knew I never could
I know that I can't find
nobody else
as good as you
I need you to stay
need you to stay hey
Woah-oh
I need you to stay
need you to stay hey"
60,봄여름가을겨울 (Still Life),BIGBANG (빅뱅),"이듬해 질 녘 꽃 피는 봄 한여름 밤의 꿈
가을 타 겨울 내릴 눈 1년 네 번 또다시 봄

정들었던 내 젊은 날 이제는 안녕
아름답던 우리의 봄 여름 가을 겨울

“Four seasons with no reason.”
비 갠 뒤에 비애(悲哀) 대신 a happy end
비스듬히 씩 비웃듯 칠색 무늬의 무지개
철없이 철 지나 철들지 못해(still)
철부지에 철 그른지 오래, Marchin’ 비발디
차이코프스키, 오늘의 사계를 맞이해
마침내, 마치 넷이 못내

Boy 저 하늘만 바라보고서
사계절 잘 지내고 있어 Good-bye
떠난 사람 또 나타난 사람
머리 위 저세상
난 떠나 영감의 amazon
지난 밤의 트라우마 다 묻고
목숨 바쳐 달려올 새 출발 하는 왕복선
변할래 전보다는 더욱더
좋은 사람 더욱더
더 나은 사람 더욱더
아침 이슬을 맞고 내 안에 분노 과거에 묻고
For Life

울었던 웃었던 소년과 소녀가 그리워 나
찬란했던 사랑했던 그 시절만 자꾸 기억나

계절은 날이 갈수록 속절없이 흘러
붉게 물들이고 파랗게 멍들어 가슴을 훑고

언젠가 다시 올 그날 그때를 위하여 (그대를 위하여)
아름다울 우리의 봄 여름 가을 겨울

La la la la la la la la la la la
La la la la la la la la la la la
La la la la la la la la la la la
La la la la la la la la la la la

이듬해 질 녘 꽃 피는 봄 한여름 밤의 꿈
가을 타 겨울 내린 눈 봄 여름 가을 겨울"
61,POP!,나연 (TWICE),"What's wrong?
홀릴 듯이 난 너를 자극해 (Pop pop pop)
Watch out!
설렌 듯이 네 부푼 맘이 터질 듯해 (Pop pop pop)
(Let’s start) 내 맘대로 Play it
(Won’t stop) 거침없이 Shake it
You know? 넌 내게 달려있단 것만 알아둬

이미 넌 나를 벗어날 수가 없어
떨린 그 눈빛, 티 나는 몸짓 Baby
터뜨리고 싶은 너

설렘이 멎기 전에
I wanna make it
Pop pop pop, you want it
Pop pop pop 터지길 원해

가슴이 뛰는 이 느낌
I wanna make it
Pop pop pop, you want it
Pop pop pop 널 갖길 원해

Pop pop pop (Uh uh)
(You want it)
Pop pop pop (Uh uh)
(I got it)
Pop pop pop (Uh uh)
Pop pop pop

너무 잘 보여 아무리 숨겨도
이미 들킨 걸 자꾸 둥둥 떠다니잖아
여유롭게 Check it
보란 듯이 Take it
(Baby) Baby you’re out of control
So you’re under my control

설렘이 멎기 전에
I wanna make it
Pop pop pop, you want it
Pop pop pop 터지길 원해

가슴이 뛰는 이 느낌
I wanna make it
Pop pop pop, you want it
Pop pop pop 널 갖길 원해

Pop pop pop (Uh uh)
(You want it)
Pop pop pop (Uh uh)
(I got it)
Pop pop pop (Uh uh)
Pop pop pop

Pop pop 버블같이 터져 버릴지 몰라
끝도 없이 점점 부풀어 가
내게 푹 빠진 너를 애써 참진 마
Bae bae eyes on me now
내가 터뜨려 줄 테니

Five! 자, 때가 됐어
Four! 딱 숨을 멈춰
Three! 난 너를 겨눠
Two! One! Here we go!

설렘이 멎기 전에
I wanna make it
Pop pop pop, you want it
Pop pop pop 터지길 원해

가슴이 뛰는 이 느낌
I wanna make it
Pop pop pop, you want it
Pop pop pop 널 갖길 원해

Pop pop pop (Uh uh)
Pop pop pop (You gotta pop it)
Pop pop pop (I can’t stop it)
Pop pop pop"
62,밤하늘의 별을(2020),경서,"밤하늘의 별을 따서 너에게 줄래
너는 내가 사랑하니까
더 소중하니까
오직 너 아니면 안 된다고
외치고 싶어 그저
내 곁에만 있어줘
떠나지 말아줘
참 많이 어색했었죠 널 처음 만난 날
멀리서 좋아하다가 들킨 사람처럼
숨이 가득 차올라서
아무 말 하지 못했는데
너는 말 없이 웃으며 내 손 잡아줬죠
밤하늘의 별을 따서 너에게 줄래
너는 내가 사랑하니까
더 소중하니까
오직 너 아니면 안 된다고
외치고 싶어
그저 내 곁에만 있어줘
떠나지 말아줘
널 좋아하는 내 마음이 표현이 안 돼
꿈이 아니면 좋겠어 자꾸 웃음 나와
내 모든 걸 다 준대도
너에겐 아깝질 않아
이 순간이 영원하길 난 정말 행복해
밤하늘의 별을 따서 너에게 줄래
너는 내가 사랑하니까
더 소중하니까
오직 너 아니면 안 된다고
외치고 싶어
그저 내 곁에만 있어줘
떠나지 말아줘
그저 내 곁에만 있어줘
떠나지 말아줘
많고 많은 사람 중에
너를 만나서 행복하고 싶어
두 번 다시 울지 않을래
오직 내 눈에는 너만 보여
나를 아껴줘 이제부터
혼자가 아니야 우린 함께니까
나나나 난난 난난나
나나나 난난 난난나
나 나나나 난난 난난나 나나난나
나나나 난난 난난나
나나나 난난 난난나
나 나나나 난난 난난나 나나난나"
63,Butter,방탄소년단,"Smooth like butter
Like a criminal undercover
Gon’ pop like trouble
Breakin’ into your heart like that

Cool shade stunner
Yeah I owe it all to my mother
Hot like summer
Yeah I’m makin’ you sweat like that

Break it down

Oh when I look in the mirror
I’ll melt your heart into 2
I got that superstar glow so
Do the boogie like

Side step right left to my beat (heartbeat)
High like the moon rock with me baby
Know that I got that heat
Let me show you ‘cause talk is cheap
Side step right left to my beat (heartbeat)
Get it, let it roll

Smooth like butter
Pull you in like no other
Don’t need no Usher
To remind me you got it bad

Ain’t no other
That can sweep you up like a robber
Straight up, I got ya
Makin’ you fall like that

Break it down

Oh when I look in the mirror
I’ll melt your heart into 2
I got that superstar glow so
Do the boogie like

Side step right left to my beat (heartbeat)
High like the moon rock with me baby
Know that I got that heat
Let me show you ‘cause talk is cheap
Side step right left to my beat (heartbeat)
Get it, let it roll

Get it, let it roll
Get it, let it roll

No ice on my wrist
I'm that n-ice guy
Got that right body and that right mind
Rollin' up to party got the right vibe
Smooth like butter
Hate us love us

Fresh boy pull up and we lay low
All the playas get movin’ when the bass low
Got ARMY right behind us when we say so
Let's go

Side step right left to my beat (heartbeat)
High like the moon rock with me baby
Know that I got that heat
Let me show you ‘cause talk is cheap
Side step right left to my beat (heartbeat)
Get it, let it roll

Smooth like (butter)
Cool shade (stunner)
And you know we don't stop

Hot like (summer)
Ain’t no (bummer)
You be like oh my god

We gon’ make you rock and you say (yeah)
We gon’ make you bounce and you say (yeah)

Hotter?
Sweeter!
Cooler?
Butter!

Get it, let it roll"
64,사랑한다고 말해줘,탑현,"사실 난 너를 사랑한다고 말할 땐
너에게 그 말이 듣고 싶어서라고
오늘이 가기 전에 들을 수 있을까
애타는 내 마음을 알기나 하는지
어떤 하루에 미소를 짓는
너의 얼굴을 바라보다가
나도 모르게 사랑한다고
너에게 버릇처럼 하는 말
항상 무뚝뚝하기만 하던 내가
너를 만나고 변해가
혹시 너도 나와 같을까
나를 사랑한다면
사실 난 너를 사랑한다고 말할 땐
너에게 그 말이 듣고 싶어서라고
오늘이 가기 전에 들을 수 있을까
애타는 내 마음을 알기나 하는지
서툰 말 한마디도 못하고
내 손만 잡고 있는 너에게
어설픈 말장난을 섞으며
나름 네 눈치도 보고 있어
사랑한단 말이 듣고 싶은데
그게 어려운 너에게
조금 용기 낼 순 없을까
나를 사랑한다고
사실 난 너를 사랑한다고 말할 땐
너에게 그 말이 듣고 싶어서라고
오늘이 가기 전에 들을 수 있을까
애타는 내 마음을 알기나 하는지
날 좋아한다
날 사랑한다
어서 내게 말해줘 (Love You)
사실 난 너를 사랑한다고 말할 땐
너에게 그 말이 듣고 싶어서라고
오늘이 가기 전에 들을 수 있을까
애타는 내 마음을 알기나 하는지"
65,스티커 사진,21학번,"눈 감고 찍은 사진
장난스런 표정
하나둘 셋 하고서
손가락 하트
둘이서 연습했던
시그니처 포즈
꽃받침 속 너와 나
빛나고 있어
오늘 뭐해 날씨도 좋은데
홍대 가서 커피나 마실래
연인들 많은 거리에
도란도란 너랑 걷고 싶은데
우리도 예쁜 커플옷 입고
같이 데이트할래
눈 감고 찍은 사진
장난스런 표정
하나둘 셋 하고서
손가락 하트
둘이서 연습했던
시그니처 포즈
꽃받침 속 너와 나
빛나고 있어
수줍었던 그대를 만난 지
이번 주말 벌써 1년이야
기념일마다 약속한
사진 들을 많이 갖고 싶어져
아직도 너랑 설레고 싶어
우리 데이트할래
눈 감고 찍은 사진
장난스런 표정
하나둘 셋 하고서
손가락 하트
둘이서 연습했던
시그니처 포즈
꽃받침 속 너와 나
빛나고 있어
그대를 사랑했던
모든 시간들이
하나부터 열까지
너무 소중해
우리가 약속했던
많은 나날들이
사진 속 우리처럼
빛나고 있어"
66,주저하는 연인들을 위해,잔나비,"나는 읽기 쉬운 마음이야
당신도 스윽 훑고 가셔요
달랠 길 없는 외로운 마음 있지
머물다 가셔요 음
내게 긴 여운을 남겨줘요
사랑을 사랑을 해줘요
할 수 있다면 그럴 수만 있다면
새하얀 빛으로 그댈 비춰 줄게요
그러다 밤이 찾아오면
우리 둘만의 비밀을 새겨요
추억할 그 밤 위에 갈피를 꽂고선
남몰래 펼쳐보아요
나의 자라나는 마음을
못 본 채 꺾어 버릴 순 없네
미련 남길바엔 그리워 아픈 게 나아
서둘러 안겨본 그 품은 따스할 테니
그러다 밤이 찾아오면
우리 둘만의 비밀을 새겨요
추억할 그 밤 위에 갈피를 꽂고선
남몰래 펼쳐보아요
언젠가 또 그날이 온대도
우린 서둘러 뒤돌지 말아요
마주보던 그대로 뒷걸음치면서
서로의 안녕을 보아요
피고 지는 마음을 알아요
다시 돌아온 계절도
난 한 동안 새 활짝 피었다 질래
또 한번 영원히
그럼에도 내 사랑은
또 같은 꿈을 꾸고
그럼에도 꾸던 꿈을
난 또 미루진 않을거야"
67,고백연습,경서,"토요일에 영화나 볼래
새로 생긴 맛집도 가고
시원한 아이스크림 들고서
우리 같이 걸을래
자전거로 한강에 갈래
다정하게 사진도 찍고
달달한 가을 멜로디
밤새도록 들을래 너와
사실 예전부터
혼자서 좋아했던 너를
난 알았어
네가 찾아왔던 밤에
어쩌면 우리가 될 거라 생각했어
이상하게 나도 좋아져
괜히 보고 싶어
안녕 뭐해 있잖아, 우리 둘이
토요일에 영화나 볼래
새로 생긴 맛집도 가고
시원한 아이스크림 들고서
우리 같이 걸을래
자전거로 한강에 갈래
다정하게 사진도 찍고
달달한 가을 멜로디
밤새도록 들을래 너와
취해 전화해서
아무 말 늘어놓던 네가
귀여웠어
너를 기다리는 내가
낯설어 한동안 겁이 나 망설였어
요즘 따라 연락이 오면
나도 보고 싶어
지금 뭐해 있잖아, 우리 둘이
토요일에 영화나 볼래
새로 생긴 맛집도 가고
시원한 아이스크림 들고서
우리 같이 걸을래
자전거로 한강에 갈래
다정하게 사진도 찍고
달달한 가을 멜로디
밤새도록 들을래 너와
가을밤 하늘
별을 세다가
이제 우리 둘이 우리 둘이 나나
매일 밤 너와
잠들고 싶어
그래 우리 둘이 우리 둘이 나나
장난스레 손잡아 줄래
같은 색깔 티셔츠 입고
시원한 아이스크림 들고서
우리 같이 걸을래
오늘 밤엔 너랑 있을래
니 어깨에 기대도 보고
달달한 가을 멜로디
밤새도록 들을래 너와"
68,봄날,방탄소년단,"보고 싶다
이렇게 말하니까 더 보고 싶다
너희 사진을 보고 있어도
보고 싶다
너무 야속한 시간
나는 우리가 밉다
이젠 얼굴 한번 보는 것 조차
힘들어진 우리가
여긴 온통 겨울 뿐이야
8월에도 겨울이 와
마음은 시간을 달려가네
홀로 남은 설국열차
니 손 잡고 지구 반대편까지 가
겨울을 끝내고파
그리움들이 얼마나
눈처럼 내려야 그 봄날이 올까
Friend
허공을 떠도는
작은 먼지처럼 작은 먼지처럼
날리는 눈이 나라면
조금 더 빨리
네게 닿을 수 있을 텐데
눈꽃이 떨어져요
또 조금씩 멀어져요
보고 싶다 보고 싶다
보고 싶다 보고 싶다
얼마나 기다려야
또 몇 밤을 더 새워야
널 보게 될까 널 보게 될까
만나게 될까 만나게 될까
추운 겨울 끝을 지나
다시 봄날이 올 때까지
꽃 피울 때까지
그곳에 좀 더 머물러줘
머물러줘
니가 변한 건지
니가 변한 건지
아니면 내가 변한 건지
내가 변한 건지
이 순간 흐르는 시간조차 미워
우리가 변한 거지 뭐
모두가 그런 거지 뭐
그래 밉다 니가 넌 떠났지만
단 하루도 너를
잊은 적이 없었지 난
솔직히 보고 싶은데
이만 너를 지울게
그게 널 원망하기보단
덜 아프니까
시린 널 불어내 본다
연기처럼 하얀 연기처럼
말로는 지운다 해도
사실 난 아직 널 보내지 못하는데
눈꽃이 떨어져요
또 조금씩 멀어져요
보고 싶다 보고 싶다
보고 싶다 보고 싶다
얼마나 기다려야
또 몇 밤을 더 새워야
널 보게 될까 널 보게 될까
만나게 될까 만나게 될까
You know it all
You're my best friend
아침은 다시 올 거야
어떤 어둠도 어떤 계절도
영원할 순 없으니까
벚꽃이 피나봐요
이 겨울도 끝이 나요
보고 싶다 보고 싶다
보고 싶다 보고 싶다
조금만 기다리면
며칠 밤만 더 새우면
만나러 갈게 만나러 갈게
데리러 갈게 데리러 갈게
추운 겨울 끝을 지나
다시 봄날이 올 때까지
꽃 피울 때까지
그곳에 좀 더 머물러줘
머물러줘"
69,첫사랑,백아,"알아 내 맘에 조용히
문을 두드리면
눈에 뿌옇게 고여버린
널 흘려보내야 해
기억은 저 빠른
시곗바늘을 놓쳐
처음 널 알아본
마지막에 웃어보일거야
사선을 트는 저 빛은
날 향해 불을 피우고
재가 되지 않으려
난 돌아서지만
빈 갈피에 차오른
우리라는 색은
완벽할 필요 없이
아름다운 영화였어
우리가 머문 밤 사이
피어버린 심장소리에
밤 하늘의 별을 이어
널 그리는 걸
이 시간의 난
너와의 시간을 물 들이고
첫사랑이라는
이름으로 지어지나봐
저 별도 달도 사랑한
우리의 파란 하늘은
손 닿을 필요 없이 부서진
은하수인것 같아
우리가 머문 밤 사이
피어버린 심장소리에
밤 하늘의 별을 이어
널 그리는 걸
이 시간의 난
너와의 시간을 물 들이고
첫 사랑이라는
이름으로 지어지나봐
이 시간의 난
첫 사랑이라는
이름으로 지워지나봐"
70,The Astronaut,진,"You and me
끝나지 않을 history
Oh, 나의 우주가 돼 준
우리의 이야기
목적지 없이 흘러가는 저 소행성처럼
나도 그저 떠내려가고 있었어
어둠 속에 찾은 나의 모든 dream
새롭게 시작될 story
When I'm with you
There is no one else
I get heaven to myself
When I’m with you
There is no one else
I feel this way I’ve never felt
You and me
깨지지 않는 별처럼
너의 꿈이 되어
우주를 여행하는
어두운 길을 비춰주는 저 은하수처럼
너는 나를 향해 빛나고 있었어
어둠 속에 찾은 단 하나의 빛
너에게 향하는 나의 길
When I'm with you
There is no one else
I get heaven to myself
When I’m with you
There is no one else
I feel this way I never felt
I feel this way I never felt
Oh oh oh oh oh oh oh
When I'm with you
There is no one else
I get heaven to myself
When I’m with you
There is no one else
A life, a sparkle in your eyes
Heaven comin’ through
And I love you
And I love you
Oh oh oh oh oh oh oh"
71,Yet To Come,방탄소년단,"Was it honestly the best?
Cause I just wanna see the next
부지런히 지나온
어제들 속에
참 아름답게

Yeah the past was honestly the best
But my best is what comes next
I’m not playin’, nah for sure
그날을 향해
숨이 벅차게
You and I
best moment is yet to come
Moment is yet to come, yeah

다들 언제부턴가
말하네 우릴 최고라고
온통 알 수 없는 names
이젠 무겁기만 해
노래가 좋았다고
그저 달릴 뿐이라고
Promise that we’ll keep on coming back for more

너의 마음속 깊은 어딘가
여전한 소년이 있어
My moment is yet to come
Yet to come
(당신은 꿈꾸는가, 그 길의 끝은 무엇일까)
Moment is yet to come, yeah
(모두가 숨죽인 밤, 우린 발을 멈추지 않아)
Yet to come
(We gonna touch the sky, ‘fore the day we die)
Moment is yet to come, yeah
(자 이제 시작이야, the best yet to come)

언젠가부터 붙은 불편한 수식어
최고란 말은 아직까지 낯간지러워
난 난 말야 걍 음악이 좋은 걸
여전히 그때와 다른 게 별로 없는걸

아마 다른 게 별로 없다면
You’ll say it’s all a lie, yeah
난 변화는 많았지만
변함은 없었다 해
A new chapter
매 순간이 새로운 최선
지금 난 마치 열세 살
그때의 나처럼 뱉어
Huh

아직도 배울 게 많고
나의 인생 채울 게 많아
그 이유를 물어본다면
내 심장이 말하잖아
We ain’t about it 이 세상의 기대
We ain’t about it 최고란 기준의 step

(We ain’t about it)
왕관과 꽃, 수많은 트로피
(We ain’t about it)
Dream & hope & goin’ forward
(We so about it)
긴긴 원을 돌아 결국 또 제자리
Back to one

너의 마음속 깊은 어딘가
여전한 소년이 있어
My moment is yet to come
Yet to come
(당신은 꿈꾸는가, 그 길의 끝은 무엇일까)
Moment is yet to come, yeah
(모두가 숨죽인 밤, 우린 발을 멈추지 않아)
Yet to come
(We gonna touch the sky, ‘fore the day we die)
Moment is yet to come, yeah
(자 이제 시작이야, the best yet to come)

So was it honestly the best?
Cause I just wanna see the next
눈부시게 지나온
기억들 속에
참 아름답게

Yeah the past was honestly the best
But my best is what comes next
We'll be singin' till the morn
그날을 향해
더 우리답게
You and I
best moment is yet to come"
72,Permission to Dance,방탄소년단,"It’s the thought of being young
When your heart’s just like a drum
Beating louder with no way to guard it
When it all seems like it’s wrong
Just sing along to Elton John
And to that feeling, we’re just getting started

When the nights get colder
And the rhythms got you falling behind
Just dream about that moment
When you look yourself right in the eye, eye, eye
Then you say

I wanna dance
The music’s got me going
Ain’t nothing that can stop how we move yeah
Let’s break our plans
And live just like we’re golden
And roll in like we’re dancing fools

We don’t need to worry
‘Cause when we fall we know how to land
Don’t need to talk the talk, just walk the walk tonight
‘Cause we don’t need permission to dance

There’s always something that’s standing in the way
But if you don’t let it faze ya
You’ll know just how to break
Just keep the right vibe yeah
‘Cause there’s no looking back
There ain’t no one to prove
We don’t got this on lock yeah

The wait is over
The time is now so let’s do it right
Yeah we’ll keep going
And stay up until we see the sunrise
And we’ll say

I wanna dance
The music’s got me going
Ain’t nothing that can stop how we move yeah
Let’s break our plans
And live just like we’re golden
And roll in like we’re dancing fools

We don’t need to worry
‘Cause when we fall we know how to land
Don’t need to talk the talk, just walk the walk tonight
‘Cause we don’t need permission to dance

Da na na na na na na
Da na na na na na na
Da na na na na na na
No, we don’t need permission to dance

Da na na na na na na
Da na na na na na na
Da na na na na na na

Well let me show ya
That we can keep the fire alive
‘Cause it’s not over
Till it’s over say it one more time
Say

I wanna dance
The music’s got me going
Ain’t nothing that can stop how we move yeah
Let’s break our plans
And live just like we’re golden
And roll in like we’re dancing fools

We don’t need to worry
‘Cause when we fall we know how to land
Don’t need to talk the talk, just walk the walk tonight
‘Cause we don’t need permission to dance"
73,Feel My Rhythm,Red Velvet (레드벨벳),"Red Velvet

무도회를 뒤집어
작은 소란을 또 일으켜
This is gonna be a crazy night
(To-na-na-na-na-na-night)

등장부터 인사까지 파격적이게
우리 살짝 놀아볼까
솔직하게 Bae bae
지금부터 시작해 볼게
(Feel my vibe and sway)

꽃가루를 날려
폭죽을 더 크게 터트려
우릴 오만과 편견에 가두지 마
자유로워 지금

Feel my rhythm Come with me
상상해 봐 뭐든지
노래를 따라서 저 달빛에 춤을 춰
바로 지금 (Play my rhythm)

Follow follow my heartbeat
해가 떠올 때까지
Feel my rhythm 멈추지 말아 줘
이 순간을 놓지 마 Baby

차는 Old and Classic
(Just ride)
이제 조금 낯선 다른 차원까지
(Get loud)
상상할 수 없던 곳 시간 속
예고 없이 등장해
이 밤은 멋지고 우린
Fun and wild and brave

시선을 끄는 네 Motion
G-give me a new direction
끝없는 Black hole처럼
빠져드는 Sweet emotion
너를 태운 채 (Sway)
어디로든 떠날래 (Way)
온 세상 모든 경계를
다 휘저을래 (Oh yeah)

꽃가루를 날려
(흩날려)
Champagne을 더 크게 터트려
(마음껏)
더는 어제와 내일에 가두지 마
자유로워 지금

Feel my rhythm Come with me
상상해 봐 뭐든지
노래를 따라서 저 달빛에 춤을 춰
바로 지금 (Play my rhythm)

Follow follow my heartbeat
해가 떠올 때까지
Feel my rhythm 멈추지 말아 줘
이 순간을 놓지 마 Baby

온 세상이 멈추는 순간
What a what a feeling
어서 내 손을 잡아
(All right)
본 적 없던 Film
빠져드는 You and I
Next time 시계를 돌려
어디로 가볼까
Come on 또다시 시작해
You and I

Feel my rhythm Come with me
상상해 봐 뭐든지
노래를 따라서 저 달빛에 춤을 춰
바로 지금 (Play my rhythm)

Follow follow my heartbeat
해가 떠올 때까지
Feel my rhythm 끝나지 않는 꿈
이 순간을 놓지 마 Baby"
74,MY BAG,(여자)아이들,"Red five diamonds in my bag
If you wanna see it, dance to a beat like that
My mama saw it and ‘Oh my god dang’
Ok I’ll show you what’s in my bag

Red five diamonds in my bag
If you wanna see it, dance to a beat like that
My mama saw it and ‘Oh my god dang’
Ok I’ll show you what’s in my bag

Uh oh I know you like it
My voice는 말해 뭐 해 God dang
Uh oh I just like it
태생부터 많은 Money 관심 없지

싸가지 없는 무대의 못된 범인의 눈빛
Fantasy란 말은 나를 빼고 다 금지
글러 먹은 너의 감 모두 나를 위한 밥
독한 Vibe sugar high 맛 좀 봐라 모두 Die

Rum-rum-rum Rumble 다 Crumble
이 Voice는 Drum에도 No lose
No no no lovely I’m Bumblebee
그냥 훅 들어갈 뿐 안 해 One, two

I never had 겁 a.k.a “Giant dog”
아차 하고 쓰다듬은 다쳐 이건 어쩜 범
I value my love 그만 두들겨 너
머리 빈 멍청이들과는 노는 물이 전혀 달라 Ye you know

Red five diamonds in my bag
If you wanna see it, dance to a beat like that
My mama saw it and ‘Oh my god dang’
Ok I’ll show you what’s in my bag

Red five diamonds in my bag
If you wanna see it, dance to a beat like that
My mama saw it and ‘Oh my god dang’
Ok I’ll show you what’s in my bag

가벼운 건 No no
공포에는 덤덤
나쁜 놈에겐 월월
덤벼봐라 Come come

I’m a cool lady 유일무이 캐릭
네가 벌벌 떠는 언니들 사이 Boss baby
넘치는 Jealousy
But that’s too early
내 피부부터 Young한 것은 언급하기도 귀찮네

존재가 Princess 어쩌면 범죄
넘치는 Bullet 맘을 관통해
향기는 Like rose and beautiful red
화가 난 가시의 그대 Blood ye

아직 읽지 않은 연락들은 앞으로도 읽지 않을 거니
헛된 희망들은 저기 버려두길
You know say no

Red five diamonds in my bag
If you wanna see it, dance to a beat like that
My mama saw it and ‘Oh my god dang’
Ok I’ll show you what’s in my bag

Red five diamonds in my bag
If you wanna see it, dance to a beat like that
My mama saw it and ‘Oh my god dang’
Ok I’ll show you what’s in my bag"
75,그래서 그대는,이영현,"나는 나에게
길 들여지길 바래요
그동안 그댈 너무 많이
닮아 있었나 봐요
지워질 때도 됐는데
그댄 또 누군가에게 길들었나요
혹시 그 사람
예전 나완 많이 틀린가 봐요
그래서 그대는 날 잊고 사는지
내 아름다운 사람아
여전히 나는 니 모습인데
또 다른 사랑 배워갈 그대 가슴에
내 작은 기억 하나만
내 눈물 나는 사랑아
같은 아픔에 머물 수 있게
다른 이별에 울어도
내 품 안에서
그 마음 아물게 해요
내가 아닌 그대 행복한가요
혹시나 내 이름 벌써 잊었나요
내 아름다운 사람아
여전히 나는 니 모습인데
또 다른 사랑 배워갈
그대 가슴에
내 작은 기억 하나만
내 눈물 나는 사랑아
같은 아픔에 머물 수 있게
다른 이별에 울어도
내 품 안에서
그 마음 아물게 해요
내 작은 기억 하나만
내 눈물 나는 사랑아
같은 아픔에 머물 수 있게
다른 이별에 울어도
내 품 안에서
그 마음 아물게 해요
그 마음 아물게 해요"
76,신호등,이무진,"이제야 목적지를 정했지만
가려한 날 막아서네 난 갈 길이 먼데
새빨간 얼굴로 화를 냈던
친구가 생각나네
이미 난 발걸음을 떼었지만
가려한 날 재촉하네 걷기도 힘든데
새파랗게 겁에 질려 도망간
친구가 뇌에 맴도네
건반처럼 생긴 도로 위
수많은 동그라미들 모두가
멈췄다 굴렀다 말은 잘 들어
그건 나도 문제가 아냐
붉은색 푸른색 그 사이
3초 그 짧은 시간
노란색 빛을 내는
저기 저 신호등이
내 머릿속을 텅 비워버려
내가 빠른지도
느린지도 모르겠어
그저 눈앞이 샛노랄 뿐이야
솔직히 말하자면 차라리
운전대를 못 잡던 어릴 때가
더 좋았었던 것 같아
그땐 함께 온 세상을
거닐 친구가 있었으니
건반처럼 생긴 도로 위
수많은 조명들이 날 빠르게
번갈아 가며 비추고 있지만
난 아직 초짜란 말이야
붉은색 푸른색 그 사이
3초 그 짧은 시간
노란색 빛을 내는 저기 저 신호등이
내 머릿속을 텅 비워버려
내가 빠른지도
느린지도 모르겠어
그저 눈앞이 샛노랄 뿐이야
꼬질꼬질한 사람이나
부자 곁엔 아무도 없는
삼색 조명과 이색 칠 위에
서 있어 괴롭히지 마
붉은색 푸른색 그 사이
3초 그 짧은 시간
노란색 빛을 내는 저기 저 신호등이
내 머릿속을 텅 비워버려
내가 빠른지도
느린지도 모르겠어
그저 눈앞이 샛노랄 뿐이야"
77,strawberry moon,아이유,"달이 익어가니 서둘러 젊은 피야
민들레 한 송이 들고
사랑이 어지러이 떠다니는 밤이야
날아가 사뿐히 이루렴

팽팽한 어둠 사이로
떠오르는 기분
이 거대한 무중력에 혹 휘청해도
두렵진 않을 거야

푸르른 우리 위로
커다란 strawberry moon 한 스쿱
나에게 너를 맡겨볼래 eh-oh

바람을 세로질러
날아오르는 기분 so cool
삶이 어떻게 더 완벽해 ooh

다시 마주하기 어려운 행운이야
온몸에 심장이 뛰어
Oh 오히려 기꺼이 헤매고픈 밤이야
너와 길 잃을 수 있다면

맞잡은 서로의 손으로
출입구를 허문
이 무한함의 끝과 끝 또 위아래로
비행을 떠날 거야

푸르른 우리 위로
커다란 strawberry moon 한 스쿱
나에게 너를 맡겨볼래 eh-oh
바람을 세로질러
날아오르는 기분 so cool
삶이 어떻게 더 완벽해 ooh

놀라워 이보다
꿈같은 순간이 또 있을까 (더 있을까)
아마도 우리가 처음 발견한
오늘 이 밤의 모든 것, 그 위로 날아

푸르른 우리 위로
커다란 strawberry moon 한 스쿱
세상을 가져보니 어때 eh-oh

바람을 세로질러
날아오르는 기분 so cool
삶이 어떻게 더 완벽해 ooh"
78,내 손을 잡아,아이유,"느낌이 오잖아

떨리고 있잖아

언제까지 눈치만 볼 거니

네 맘을 말해봐

딴청 피우지 말란 말이야

네 맘 가는 그대로

지금 내 손을 잡아

어서 내 손을 잡아

우연히 고개를 돌릴 때 마다

눈이 마주치는 건

며칠 밤 내내 꿈속에 나타나

밤새 나를 괴롭히는 건

그 많은 빈자리 중에서 하필

내 옆자릴 고르는 건

나도 모르게 어느새 실없는 웃음

흘리고 있다는 건

그럼 말 다했지 뭐

우리 얘기 좀 할까

느낌이 오잖아 떨리고 있잖아

언제까지 눈치만 볼 거니

네 맘을 말해봐

딴청 피우지 말란 말이야

네 맘 가는 그대로

지금 내 손을 잡아

핸드폰 진동에

심장이 덜컥내려 앉는다는 건

오 나도 모르게

어느새 짓궂은 네 말투

자꾸 듣고 싶은걸

어떡해

저기 멀리 걸어온다

눈이 마주친다

언제까지 넌 모른척 할거니

사랑이 온거야 너와 나 말이야

네가 좋아 정말 못 견딜 만큼

그거면 된거야

더는 생각하지 말란 말이야

네 맘 가는 그대로

느낌이 오잖아 떨리고 있잖아

언제까지 눈치만 볼 거니

네 맘을 말해봐

딴청 피우지 말란 말이야

네 맘 가는 그대로

지금 내 손을 잡아

그냥 내 손을 잡아

지금 내 손을 잡아"
79,INVU,태연 (TAEYEON),"Falling in love
너에겐 난 Option
시작부터 다른 너와 나
깨지는 Heart
빗나간 네 Mention
익숙하거든

I think I lost my mind
But It’s my kind of love
아끼지 않고 다
쏟아내고는 주저앉아
문득 어느 순간
지친 내가 보여
애쓰고 있지만

So I can’t love you
Even though I do
밀어내 봐도
난 너를 못 이겨

날 버리고
날 잃을수록
넌 반짝이는 아이러니

So I N V U
I N V U
I N V U

기대지 마
기대하지도 마
몇 번을 되뇌고 되놰도
그 손길 한 번에
무너지는 날 볼 때
네 기분은 어때

I guess I lost my mind
Yeah It’s my kind of love
늘 처음인 것처럼
서툴러서 또 상처가 나
무뎌지기 전에
아물기도 전에
잔뜩 헤집어놔

So I can’t love you
Even though I do
밀어내 봐도
난 너를 못 이겨

날 버리고
날 잃을수록
넌 반짝이는 아이러니

So I N V U
I N V U
I N V U

식은 온기
부서진 맘이
자꾸 날 할퀴어
아파도 못 멈춰
So when you leave
Please make it easy
Cause I N V U

I N V U
I N V U
I N V U

I N V U"
80,통화연결음,"보라미유, MJ (써니사이드)","이 노래를 들어요 내 맘을 들어요
이제 두 번 다시
그대를 만날 수 없겠죠
아직 그대를
사랑하는 내 맘 보일까 봐
대신 이 노래를 전해요
사랑을 보내요
X-girl Friend 어떻게 지내
네 생각 나서
한잔 술에 깊어지는 이 맘
아직 도 궁금해
이 노랜 네가 듣지 않기를
전부 비워야 될 아픈 추억들
애틋하잖아 이별이 없던 것처럼
BABY 이름을 부르고
예전같이 널 안고 싶어
(아파 더이상 이러면 안돼
자꾸 네소식 보이잖아)
후회할까 봐서 그래
다시 내게 돌아와 줘
이 노래를 들어요 내 맘을 들어요
이제 두번 다시
그대를 만날 수 없겠죠
아직 그대를
사랑하는 내 맘 보일까봐
대신 이 노래를 전해요
사랑을 보내요
그대 전화기 너머로
이 노랠 듣고 있죠
어쩌면 나에게 전하는
마지막 인산 가요
010 4105 6739 지워야 될 번호
몇 번을 눌러봐도 소용없어
please i want you to call
듣지 못해 이젠
잘 지내 그 흔한 말도
한동안 나에게 이 노래가 아프겠죠
내 가슴 깊이 남겨질 상처가 되어
그대 나를 잊어요 전화를 끊어요
내가 그댈 먼저 보내야
다 끝이 나겠죠
그대 목소리 듣게 되면
나 흔들릴까 봐
대신 이 노래를 전해요
사랑을 보내요
이 노래를 들어요 내 맘을 들어요
이제 두 번 다시
그대를 만날 수 없겠죠
아직 그대를
사랑하는 내 맘 보일까 봐
대신 이 노래를 전해요
사랑을 보내요"
81,못해,김나영,"이제는 밥을 먹어도
눈물 없이는 삼키지 못해
억지로 먹고 먹어도 속이 늘 허전해
노래를 들어도 흥얼대지도 못해
영화를 봐도 내가 뭘 본 건지 기억 못해
밥도 잘 먹지 못해 네가 생각날까 봐
네 생각에 체할까 봐 네가 떠난 후로
오늘도 눈물로 하루를 먹고 살아
버스도 타지 못해 누가 날 욕할까 봐
우는 날 놀려댈까 봐 아무것도 못 해
너 없인 나 혼자 살지 못해
이제는 술을 마셔도
눈물 없이는 마시질 못해
아무리 병을 비워도 너만 더 생각해
살아서 뭐 해 넌 내 곁에 없는데
혼자 뭘 어째 아무것도 할 수 없는 난데
밥도 잘 먹지 못해 네가 생각날까 봐
네 생각에 체할까 봐 네가 떠난 후로
오늘도 눈물로 하루를 먹고 살아
버스도 타지 못해 누가 날 욕할까 봐
우는 날 놀려댈까 봐 아무것도 못 해
너 없인 나 혼자 살지 못해
너 없이 웃는 것도 난 못해
너 없이 걷는 것도 난 못해
아무것도 아무것도 못 해
내겐 네 사랑이 필요해
혼자 살아서 뭐 해
네가 더 잘 알잖아
너 없인 나 안 되잖아
너밖에 몰라서 너 없인
밥조차 먹지 못하는 나인데
차마 죽지도 못해
네가 돌아올까 봐 아무것도 못 해
오늘도 내일도 너만 원해"
82,드라마,아이유,"나도 한때는 그이의 손을 잡고
내가 온 세상 주인공이 된 듯
꽃송이의 꽃잎 하나하나까지
모두 날 위해 피어났지

올림픽대로 뚝섬 유원지
서촌 골목골목 예쁜 식당
나를 휘청거리게 만든
주옥같은 대사들

다시 누군가 사랑할 수 있을까
예쁘다는 말 들을 수 있을까
하루 단 하루만 기회가 온다면
죽을힘을 다해 빛나리

언제부턴가 급격하게
단조로 바뀌던 배경음악
조명이 꺼진 세트장에
혼자 남겨진 나는

단역을 맡은 그냥 평범한 여자
꽃도 하늘도 한강도 거짓말
나의 드라마는 또 이렇게 끝나
나왔는지조차 모르게

끝났는지조차 모르게"
83,Off My Face,Justin Bieber,"One touch and you got me stoned
Higher than I've ever known
You call the shots and I follow
Sunrise but the night still young
No words but we speak in tongues
If you let me I might say too much
Your touch blurred my vision
It's your world and I'm just in it
Even sober I'm not thinkin' straight
'Cause I'm off my face
in love with you
I'm out my head so into you
and I don't know how you do it
But I'm forever ruined by you
ooh ooh ooh
Can't sleep
'cause I'm way too buzzed
Too late now you're in my blood
I don't hate the way you keep me up
Your touch blurred my vision
It's your world and I'm just in it
Even sober I'm not thinkin' straight
'Cause I'm off my face
in love with you
I'm out my head so into you
and I don't know how you do it
But I'm forever ruined by you
ooh ooh ooh
Ooh-ooh-ooh ooh ooh ooh ooh
Ooh-ooh-ooh ooh ooh
Ooh-ooh-ooh ooh ooh ooh ooh
Ooh-ooh-ooh ooh ooh
'Cause I'm off my face
in love with you
I'm out my head so into you
and I don't know how you do it
But I'm forever ruined by you
ooh ooh ooh
By you ooh ooh ooh"
84,Next Level,aespa,"I’m on the Next Level Yeah
절대적 룰을 지켜
내 손을 놓지 말아
결속은 나의 무기
광야로 걸어가
알아 네 Home ground
위협에 맞서서
제껴라 제껴라 제껴라

상상도 못한 Black out
유혹은 깊고 진해
(Too hot too hot)
맞잡은 손을 놓쳐
난 절대 포기 못해

I’m on the Next Level
저 너머의 문을 열어
Next Level
널 결국엔 내가 부셔
Next Level
KOSMO에 닿을 때까지
Next Level
제껴라 제껴라 제껴라

La la la la la la
La la la la la la
La la la la la la
La la la la la

I see the NU EVO.
적대적인 고난과 슬픔은
널 더 Popping 진화시켜
That’s my naevis It’s my naevis
You lead, we follow
감정들을 배운 다음
Watch me while I make it out

Watch me while I work it out
Watch me while I make it out
Watch me while I work it out
Work it work it work it out

감당할 수 없는 절망도
내 믿음을 깨지 못해
더 아픈 시련을 맞아도
난 잡은 손을 놓지 않을게 Oh

절대로 뒤를 돌아보지 말아
광야의 것 탐내지 말아
약속이 깨지면
모두 걷잡을 수 없게 돼
언제부턴가 불안해져 가는 신호
널 파괴하고 말 거야
(We want it)
Come on!
Show me the way to KOSMO Yeah

Black Mamba가 만들어낸 환각 퀘스트
aespa, ae를 분리시켜놓길 원해 그래
중심을 잃고 목소리도 잃고 비난받고
사람들과 멀어지는 착각 속에
naevis 우리 ae, ae들을 불러봐
aespa의 Next Level “P.O.S”를 열어봐
이건 REAL WORLD 깨어났어
We against the villain
What’s the name?
Black Mamba

결국 난 문을 열어
그 빛은 네겐 Fire
(Too hot too hot)
난 궁금해 미치겠어
이다음에 펼칠 Story
Huh!

I’m on the Next Level
저 너머의 문을 열어
Next Level
널 결국엔 내가 부셔
Next Level
KOSMO에 닿을 때까지
Next Level
제껴라 제껴라 제껴라

I’m on the Next Level
더 강해져 자유롭게
Next Level
난 광야의 내가 아냐
Next Level
야수 같은 나를 느껴
Next Level
제껴라 제껴라 제껴라
Huh!"
85,"회전목마 (Feat. Zion.T, 원슈타인) (Prod. Slom)",sokodomo,"내가 슬플 때마다
이 노래가 찾아와
세상이 둥근 것처럼 우린 동글동글

인생은 회전목마
우린 매일 달려가
언제쯤 끝나 난 잘 몰라

어머, 벌써 정신없이 달려왔어
Speed up 어제로 돌아가는 시곌 보다가
어려워 어른이 되어가는 과정이 Uh huh
On the road, 24 시간이 아까워 Uh huh
Big noise, Everything brand new
어렸을 때처럼 바뀌지 않는 걸
찾아 나섰단 말야 왜냐면 그때가 더 좋았어 난
So let me go back
타임머신 타고 I'll go back
승호가 좋았을 때처럼만

내가 슬플 때마다
이 노래가 찾아와
세상이 둥근 것처럼 우리
인생은 회전목마
우린 매일 달려가
언제쯤 끝나 난 잘 몰라

빙빙 돌아가는 회전목마처럼
영원히 계속될 것처럼
빙빙 돌아올 우리의 시간처럼
인생은 회전목마

어머 벌써 정신없이 달려왔어
Speed up 어제로 돌아가는 시곌 보다가
청춘까지 뺏은 현재
탓할 곳은 어디 없네
Twenty two 세에게 너무 큰 벽
그게 말로 하고 싶어도 어려웠어
가끔은 어렸을 때로 돌아가
불가능하단 건 나도 잘 알아
그 순간만 고칠 수 있다면
지금의 나는 더 나았을까

달려가는 미터기 돈은 올라가
기사님과 어색하게 눈이 맞아
창문을 열어보지만 기분은 좋아지지 않아
그래서 손을 밖으로 쭉 뻗어 쭉 뻗어
흔들리는 택시는 어느새
목적지에 도달했다고 해
방 하나 있는 내 집 안의
손에 있던 짐들은

내가 힘들 때마다
이 노래가 찾아와
세상이 둥근 것처럼 우리
인생은 회전목마
우린 계속 달려가
언제쯤 끝날지 잘 몰라

빙빙 돌아가는 회전목마처럼
영원히 계속될 것처럼
빙빙 돌아올 우리의 시간처럼
인생은 회전목마

I'm on a TV show
You would never even know
사실 얼마나 많이
불안했는지
정신없이 돌아서
어딜 봐야 할지 모르겠어
들리나요 여길 보란 말이

빙빙 돌아가는 회전목마처럼
영원히 계속될 것처럼
빙빙 돌아올 우리의 시간처럼
인생은 회전목마

빙빙 돌아가는 회전목마처럼
영원히 계속될 것처럼
빙빙 돌아올 우리의 시간처럼
인생은 회전목마"
86,Girls,aespa,"일어나라 그대여
더 치명적인 전쟁 속에
두발로 버텨 적의 Hook!
Black Mamba
두렵지 않아 네가 Hoot!
부셔줄게
달라졌어 우리가
광야를 넘어 돌아올 때
일그러져 버렸던 æ
더 나답게
마치 하나처럼 보일
미친 존재감의 현신

다시 남겨진 불씨가
거대한 악으로 자라나서
무기력하게 널 고립시켜 둘 때
Reunite 우린 다시 함께
Whoo Whoo
덮쳐 Beat it Yah
넌 혼자가 아니야

빛났던 Sacrifice
기억 찾았다면
보여줄래? 나타나줄래?
지금 여기

따라와 (Bow down)
지켜봐 (My skill)
놀랄걸 (Say wow)
We coming
소리쳐 (Get loud)
들어봐 (My sound)
불러봐 (Upgrade)
We coming

혼돈 속에서 피어나
(We Them Girls)
두려움에 맞설 그런 용기
(Ah Yeah)
언제라도 우린 Together
We Them Girls
We Them Girls
We Them Girls

Meta Universe 공존해
지금 Parallel World
모든 존재가 의미를 가져
Part of my heart
우린 공감의 언어를 써
체온을 나눠 줘
결국 선한 의지만의
가치를 추구해

강해졌어 드디어 난
휘둘리거나 당하지 않아
왜곡이 돼버려 또 다
시작됐어 편을 갈라
너와 날 고립시켜 앞 못 보게

못된 욕망에 일그러져 버리던
Algorithm들이
존재를 무기로 파괴로
집어삼켜 Ah
그 순간 악은 시작됐어
Whoo Whoo
비켜 Flip Yah
난 혼자가 아니야

지켜주고 싶어
처음 만난 네 REKALL
안아줄게 느낄 수 있게
Without SYNK DIVE

따라와 (Bow down)
지켜봐 (My skill)
놀랄걸 (Say wow)
We coming
소리쳐 (Get loud)
들어봐 (My sound)
불러봐 (Upgrade)
We coming

혼돈 속에서 피어나
(We Them Girls)
두려움에 맞설 그런 용기
(Ah Yeah)
언제라도 우린 Together
We Them Girls
We Them Girls

평화로운 날을 맞이해
우린 FLAT 그 안에서
함께 웃고 사랑해
With my friends
이제 더 nævis와 함께
열어 갈 미래가 궁금해
결국 만나게 될 걸
nævis on the REAL MY WORLD

Hold up!
REAL MY WORLD

넌 거울에 비친 나
그보다 빛날 존재
말해 줄래?
언제까지나 함께란 걸

따라와 (Bow down)
지켜봐 (My skill)
놀랄걸 (Say wow)
We coming
소리쳐 (Get loud)
들어봐 (My sound)
불러봐 (Upgrade)
We coming

혼돈 속에서 피어나
(We Them Girls)
두려움에 맞설 그런 용기
(Ah Yeah)
언제라도 우린 Together
We Them Girls
We Them Girls
We Them Girls
Girls!"
87,바보에게 바보가 (웹툰 '연애의 발견' X 이석훈),이석훈,"너무 걱정하지는 마
보란 듯이 살아 볼 거야
후회는 사치일 뿐이야
다시 시작해 볼게
나 어제 또 울었어
나 어제 또 슬펐어
왜 이런 바보를 사랑한 거니
네 마음이 예뻐서
네 사랑이 고마워
이젠 네 손을 잡고
다시 태어날 거야
바보도 사랑합니다
보내주신 이 사람
이제 다시는 울지 않을 겁니다
나 이제 목숨을 걸고
세상 아픔에서 지켜낼게요
이 사람을 사랑합니다
널 위한다는 그 이유로
너를 보낼 뻔했어
나 그렇게 바보야
넌 내 사랑 바보고
서로를 많이도 울게 했었지
네 사랑이 없다면
널 만날 수 없다면
아마 나는 평생을 후회하며 살 거야
바보도 사랑합니다
보내주신 이 사람
이제 다시는 울지 않을 겁니다
나 이제 목숨을 걸고
세상 아픔에서 지켜낼게요
이 사람을
널 위해 노력해 볼게
널 위해 살아갈게
나약한 마음 따윈 모두 버릴게
우리의 사랑을 위해
너의 손을 잡고 놓지 않을게
사랑하는 내 사랑 바보야"
88,DICE,NMIXX,"번쩍 뜬 눈을 깜빡
머린 핑핑핑 돌아
상상도 못한 drama
첫 scene을 찍어볼 time (go go)
이제 곧 시작될 challenge
아마 쉽지는 않겠지
긴장해 팽팽하게, babe
(Vamos amigos)
Y-e-a-h (I wanna go)
무한히 펼쳐진 Universe
사-이 (I wanna know)
끌리는 Card를 뒤집어
고민은 Nope, 어서 Pick it
1부터 N까지 선택해 봐
O.O 기대돼 나
Now open it up
(What a surprise!)
저 하늘 위를 surfing
이 바닷속을 flying
모든 걸 펼쳐도 좋아 Are you ready?
All-in now 시작해 봐
과감하지만 태연하게 Start it
Let’s roll the Dice, ya!
판도를 뒤집어 완전히
던져봐 Nice shot
운명은 이 손안에 babe
눈앞에 열린 세상의 (yeah)
우리를 기대해
So tell me what you want,
where you wanna go
NMIXX, Change UP! (Let’s go)
Big wave Big wave 피하지 마
Break it up Break it up 맞서 어서
헤엄쳐 더 높은 파도 위로
좀 더 유연하게 트러블들을
드리블해 and pass it
Perfect 10 보다 높은 number
그 이상을 향해 Jump up
현실 같은 dream은 이젠 빠져나와
깨어나도 깨어나
더 수면 위를 날아 Fly high
그 누구도 가지 않은 미지의 camino
So exciting, I’m so excited
이 반전의 반전의 반전을 기대해
babe
Would you go with me?
Let’s roll the Dice!
저 구름 속을 diving
이 파도 위를 riding
말이 좀 안 되면 어때
No more waiting
All-in now 다 걸어봐
고민할 필요도 없어 Go get it
Put'em up!
We go up, We NMIXX!
Don’t fall asleep no more
You should come on board
서둘러 시간이 없어 babe
Let’s roll the Dice, ya!
함께 만들어가는 score
좋았어 Nice shot
따라잡을 수 없는 number
상상을 뛰어넘을 세계
Would you go with me?
Let’s roll the Dice!"
89,늦은 밤 헤어지긴 너무 아쉬워,케이시 (Kassy),"어쩌면 너도 나와 같은 꿈 꿀까
매일 마주 보며 눈뜨는 하루
늦은 밤 헤어지긴 너무 아쉬워
널 많이 사랑하나 봐
유난히 날씨가 좋은 날
넌 나를 설레이게 해
영화 속에서만 보던 일들이
요즘 내 일상인 듯해
어쩌면 너도 나와 같은 꿈 꿀까
매일 마주 보며 눈뜨는 하루
늦은 밤 헤어지긴 너무 아쉬워
널 많이 사랑하나 봐
오늘 너에게 고백하겠어
취해서 하는 말이 아냐
참아온 진심인 거야
하루 종일 아무것도 안 해도
너랑 있는 게 젤 좋아
달빛도 하늘 아래 우리를 비추고
온 세상이 모두 잠든 것 같아
늦은 밤 헤어지긴 너무 아쉬워
널 많이 사랑하나 봐
네가 살아가는 순간에
그 모든 순간에 내가 있음 해
고마워 내 인생에 나타나줘서
이렇게 날 안아줘서
오늘 너에게 고백하겠어"
90,그중에 그대를 만나,김호중,"그렇게 대단한 운명까진
바란적 없다 생각했는데
그대 하나 떠나간 내 하룬 이제
운명이 아님 채울 수 없소
별처럼 수 많은 사람들
그 중에 그대를 만나
꿈을 꾸듯 서롤 알아보고
주는 것 만으로 벅찼던
내가 또 사랑을 받고
그 모든건 기적이었음을
그렇게 어른이 되었다고
자신한 내가 어제같은데
그대라는 인연을 놓지 못하는
내 모습 어린아이가 됐소
별처럼 수 많은 사람들
그 중에 그대를 만나
꿈을 꾸듯 서롤 알아보고
주는 것 만으로 벅찼던
내가 또 사랑을 받고
그 모든건 기적이었음을
나를 꽃처럼 불러주던
그대 입술에 핀 내 이름
이제 수많은 이름들
그 중에 하나되고
오 그대의 이유였던
나의 모든 것도 그저 그렇게
별처럼 수 많은 사람들
그 중에 서로를 만나
사랑하고 다시 멀어지고
억겁의 시간이 지나도
어쩌면 또다시 만나
우리 사랑 운명이었다면
내가 너의 기적이었다면"
91,너를 생각해,주시크 (Joosiq),"너를 들려주고 싶었어
이 노랠 만들 때
아마 니가 정말 많이 좋아할꺼야
이젠 내겐 니가 없어서
나 혼자 불러도
혹시 듣게 되면 그게 니 얘기라고
난 노랠 만들 땐
늘 너를 생각해
어딘가 혼자 진지한 표정
고개를 끄덕거리고 나선
항상 흥얼거리며 따라 불렀어
나를 보며 신나있던 너에게
불러주고 싶던 노래를
왜 이제야 겨우 완성했을까
이 노랜 널 사랑한다는 내 얘기가
잔뜩 들어갔어야 하는 노랜데
너를 들려주고 싶었어
이 노랠 만들 때
아마 니가 정말 많이 좋아할꺼야
이젠 내겐 니가 없어서
나 혼자 불러도
혹시 듣게 되면 그게 니 얘기라고
니가 자주 가곤했던 카페에
이 노래가 나올 때까지
니 친구가 따라 부를 때까지
이 노랠 유명해지게 계속 불러서
나는 너에게로 꼭 닿고 말거야
너를 들려주고 싶었어
이 노랠 만들때
아마 니가 정말 많이 좋아할꺼야
이젠 내겐 니가 없어서
나 혼자 불러도
혹시 듣게 되면 그게 니 얘기라고
너를 사랑할땐 몰랐던
바보라 미안해
아마 이걸 듣고 너는 원망하겠지
이젠 내가 많이 잘할게
너 혼자 울지마
혹시 듣게 되면 아직 너뿐이라고"
92,GANADARA (Feat. 아이유),박재범,"길거리를 걷다 보면
사랑 노래만 흘러나와
나는 왜 저런 게 낯설까
난 한국말까지 서툴러
번역기도 전혀 도움 안 돼
네 맘엔 어떨까 걱정만
어떤 단어를 쓸지 I don’t know
어떤 말을 할지 I don’t know
나는 왜 이런지 I don’t know
You’re on my mind
어떤 단어를 쓸지 I don’t know
어떤 말을 할지 I don’t know
나는 왜 이런지 I don’t know
You’re on my mind
Baby 정말 생각 안 나
Body language로 자신 있어
보여줄게
girl just give me some your time
너를 보면 손에 땀 나
긴장 풀게 한 번 웃어줘
Let me take u on a magic carpet ride
손을 잡아 따라와
맑은 날씨 보름달
가르쳐줘 오늘 밤
가나다라마바사
손을 잡아 따라와
맑은 날씨 보름달
가르쳐줘 오늘 밤
가나다라마바사
너무 완벽하지 않아도
걱정 마 네 맘을 조금 알 것 같아
네게 좀 더 다가서 볼까
고민해 매일 밤
길거리를 걷다 보면
계속 계속 네 생각이 나
이런 내 모습이 왜 낯설까
번역기 위에서
헤매는 네 손가락까지
자꾸만 생각이 나는 걸
Body language도 나는 괜찮아
But 생각 안 나면 그냥 웃어줘
모든 것을 알려줄게 오늘 밤
내가 나쁜 남자처럼 보여도
너를 볼 때면 맘이 여려져
I wouldn’t mind if I died in your arms
손을 잡아 따라와
맑은 날씨 보름달
가르쳐줘 오늘 밤
가나다라마바사
손을 잡아 따라와
맑은 날씨 보름달
가르쳐줘 오늘 밤
가나다라마바사
손을 잡아 따라와
맑은 날씨 보름달
가르쳐줘 오늘 밤
가나다라마바사
손을 잡아 따라와
맑은 날씨 보름달
가르쳐줘 오늘 밤
가나다라마바사"
93,I Ain't Worried,OneRepublic,"I don't know what you've been told
But time is running out, no need to take it slow
I'm stepping to you toe-to-toe
I should be scared, honey, maybe so

[Chorus]
But I ain't worried 'bout it right now (Right now)
Keeping dreams alive, 1999, heroes
I ain't worried 'bout it right now (Right now)
Swimmin' in the floods, dancing on the clouds below

[Post-Chorus]
I ain't worried 'bout it
I ain't worried 'bout it (Hey)

[Verse 2]
I don't know what you've been told
But time is running out so spend it like it's gold
I'm living like I'm nine-zeros
Got no regrets even when I am broke (Yeah)
I'm at my best when I got something I'm wanting to steal
Way too busy for them problems and problems to feel (Yeah, yeah)
No stressing, just obsessing with sealing the deal
I'll take it in and let it go

[Chorus]
But I ain't worried 'bout it right now (Right now)
Keeping dreams alive, 1999, heroes
I ain't worried 'bout it right now (Right now)
Swimmin' in the floods, dancing on the clouds below

[Post-Chorus]
I ain't worried 'bout it
I ain't worried 'bout it (Hey)

[Bridge]
Ooh, I ain't worried
Ooh, oh, no, no

[Chorus]
I ain't worried 'bout it right now (Right now)
Keeping dreams alive, 1999, heroes
I ain't worried 'bout it right now (Right now)
Swimmin' in the floods, dancing on the clouds below

[Post-Chorus]
I ain't worried 'bout it (Ooh, hey)
I ain't worried 'bout it (Ooh, hey)

[Outro]
I ain't worried 'bout it"
94,Talk that Talk,TWICE (트와이스),"날 보는 Eyes 씩 웃는 Lips
맘에 들지 I like it (Oh yeah)
네 A to Z 꽤 달콤해
(That’s right)
But I wanna skip (Just skip)
더 결정적인 Thing (That thing)
본론을 원해 빙빙 돌린
서론 따위 말고 (I mean L word)
더 더 더 더 더 더 보여줘 (보여줘)
너 너 너 너 너 널 알려줘 (알려줘)
지금 난 Need some hints
채우고 있어 너란 Crosswords
Beep beep beep beep beep,
the time is up
난 이미 알 것 같지만
네 목소리로 바로 듣고 싶은데
Baby 내 답은 뻔하잖아 YES or YES
밀거나 당기는
괜한 시간 낭비는 싫으니
과감하게 Say it now 원해 1 to 10
시작해볼까 Right now
Tell me what you want
Tell me what you need
A to Z 다 말해봐
But 시작은 이렇게 해
Talk that talk 딱 한 마디
Talk that talk L-O-V-E
들려줘 Ooh
Now now now now now yeah
Yeah turn it up
너의 눈 Look look look
위아래로 Roll roll roll
읽었잖아 뭐 피차
눈빛 사이 오고 가는 말
차근차근 1, 2, 3 (Just 1, 2, 3)
더 친절하게 ABC (Like ABC)
Don’t stop and just replay replay
(Yeah that’s my only request)
Baby 날 안고 달콤하게 (달콤하게)
Tell me now (Just tell me now)
때로는 뻔한 말이
더 좋다는 걸 알잖니
Favorite part 지금이야
(Want it more)
Now we’re almost there
시작해볼까 Right now
Tell me what you want
Tell me what you need
A to Z 다 말해봐
But 시작은 이렇게 해
Talk that talk 딱 한 마디
Talk that talk L-O-V-E
들려줘 Ooh
Now now now now now yeah
단순한 Words 사랑한다는 말
그게 다야 난 꾸밈없이 듣길 원하지
미루지 않아 너에게 다가가
난 심플하게
다 말할게 I love you
Tell me what you want
Tell me what you need
A to Z 다 좋지만
난 이 말이 제일 좋은데
Talk that talk 딱 한 마디
Talk that talk L-O-V-E
Oh yeah it sounds so good
더 빠져들어 푹
Tell me what you want
Tell me what you need
한 번 더 해줘
그래 방금 그 말
Talk that talk 딱 한 마디
Talk that talk L-O-V-E
들려줘 Ooh
Now now now now now yeah
Yeah turn it up"
95,나의 목소리로,김호중,"그대 나를 많이 기다렸나요
그대 나를 많이 생각했나요
내가 그대에게 오기까지
긴 시간을 버티며
말없이 안아준 그대
내가 아플 때 눈물이 돼줘서
내가 지칠 때 웃음이 돼줘서
내가 그대를 만나기까지
수없이 넘어져도
곁에서 지켜준 그대
들리십니까 나의 간절한 목소리가
그대 가슴에 들리십니까
내 마음을 담아 내 사랑을 담아
그대에게 들려 드릴게요
나의 목소리로
버틸 수 있는 이유 그대라서
기대고 싶은 사람 그대라서
이젠 그대가 힘들 때마다
따뜻한 햇살처럼
곁에서 안아줄게요
들리십니까 나의 간절한 목소리가
그대 가슴에 들리십니까
내 마음을 담아 내 사랑을 담아
그대에게 들려 드릴게요
사랑한다고 사랑한다고
내겐 너무 소중하다고
외치는 말이 들리십니까
내 두 팔을 벌려 그대를 안고서
그대에게 들려 드릴게요
나의 목소리로"
96,Weekend,태연 (TAEYEON),"가장 가까운 바다
혼자만의 영화관
그냥 이끌리는 대로 해도 괜찮으니까
Every morning 울린
Beep beep beep beep 소리
귀에 윙윙윙 맴도는
나를 재촉하던 모닝콜 없이 일어나
Cheese cake 한 입
유리컵 한가득
내린 커피 한 잔
아이스로 할래 아주 여유롭게
문득 시곌 보니
벌써 시간은 열두시
그래도 아주 느긋해
그리곤 하품 한 번
한껏 기지개도 켜고
생각해 오늘 뭐 할까
창문 너머 계절에 시선이 닿은 그 순간
쏟아지는 햇살 내 맘을 두드려
내게 손짓하는 싱그러운 바람 타고서
떠나볼래 When the weekend comes
I can do whatever I want
바람 따라 흩어진 cloud
더 자유롭게 we can go
가장 가까운 바다
혼자만의 영화관
그냥 이끌리는 대로 해도 괜찮으니까
훌쩍 떠나보는 drive
뚜벅 걸어도 좋아
뭐든 발길 닿는 대로 지금 떠나보려 해 oh
하루쯤 세상의 얘길 무시한 채
내가 나의 하루를 조립해 보려 해
더는 no no stress 고민 안 할래
Move it right left right 내 맘대로
가본 적도 없는 길 뭐가 있든지
I don’t need a map
when I roll the streets
이어 가보는 이윤 for a little fun
계속 up up up 좀 더 올라가
한쪽 길모퉁이 따라 맘대로 자라난
조그만 이름 모를 꽃
한참을 바라보다 뜨거운 햇살을 피해
벤치에 잠깐 앉아 봐
느려지는 걸음 그림자의 속도를 따라
함께 걷는 태양과 발을 맞추고
뒤이을 달빛을 따라 돌아오고 싶은 걸
떠나볼래 When the weekend comes
I can do whatever I want
바람 따라 흩어진 cloud
더 자유롭게 we can go
아무 계획이 없어서 완벽한 plan
우연히 찾아낸 secret place
그곳에 두고 와 나만의 작은 짐
골목길 끝을 돌아 만나게 될
기분 좋은 surprise 또 설렘
두근두근 온종일
고소한 향기의 coffee shop
눈에 들어오는 예쁜 옷
Do it for the weekend
do it for the weekend
맘에 들어오는 걸 더는 망설이긴 싫은 걸
그래도 돼 When the weekend comes
I can do whatever I want
바람 따라 흩어진 cloud
더 자유롭게 we can go
가장 가까운 바다
혼자만의 영화관
그냥 이끌리는 대로 해도 괜찮으니까
훌쩍 떠나보는 drive
뚜벅 걸어도 좋아
뭐든 발길 닿는 대로 지금 떠나보려 해 oh"
97,듣고 싶을까,MSG워너비(M.O.M),"우리 함께 듣던 그 노랠 듣고 싶을까
듣고 나서 잠시 날 생각은 할까
아주 혹시라도 넌 내가 보고 싶을까
난 왜 니 목소리가 듣고 싶을까
뻔하디 뻔한 노랫말 여서 미안해
미안해도 부디 넌 꼭 들어줬음 해
후회도 미련도 없는 척 떠났지만
이게 내 진심인 걸 꼭 알아줬음 해
우리 함께 듣던 그 노랠 듣고 싶을까
듣고 나서 잠시 날 생각은 할까
아주 혹시라도 넌 내가 보고 싶을까
못난 내 목소리가 듣고 싶을까
말없이 다 전해지는 건 없지 난 말해 지금
몇 년째 나의 favorite one
You the only one yeah
Yes I know 무엇도 달라질 건 없지만
이게 내 진심인 걸 꼭 알아줬음 해
우리 함께 듣던 그 노랠 듣고 싶을까
듣고 나서 잠시 날 생각은 할까
아주 혹시라도 넌 내가 보고 싶을까
난 왜 니 목소리가 듣고 싶을까
Are you okay not today
천천히 대답해도 돼 i just stay
넌 내 목소리가 듣고 싶을까
누굴 만나 봐도 다시는 못할 것 같아
그립고 또 그립다 우리 그 사랑
Woo
I’m missing U
Never forget U
Never forget U
Oh no baby"
98,인생은 뷰티풀,김호중,"하나만 알고 둘은
잘 모르는 사람입니다
하루는 비틀거리고
하루는 뒤뚱거리고
월요일 아침이 오면
버거운 세수를 하고
화요일 점심시간에
눈물 물처럼 삼키고 삼키고
수요일 밤의 길목에
갈 길을 잃고 서 있는
그림자 손을 꼭 잡고
다시 또 걸었습니다
하나만 알고
둘은 잘 모르고 살았습니다
울어도 나 혼자 울고 웃어도
나 혼자 웃고
목요일 빈 술잔 안에
외로움 가득 채우고
금요일 목놓아 부른
그리운 추억의 노래여 노래여
토요일 바람이 분다
춤춰라 머리카락아
일요일 나의 식탁에
태양이 비칠 때까지
월화수목금토일
외로움 가득 채우고
눈물로 목 놓아 부른
그리운 사랑의 노래여 노래여
인생에 바람이 분다
춤춰라 머리카락아
행복한 나의 식탁에
태양이 비칠 때까지
태양이 웃을 때까지"
99,아무래도 난,주시크 (Joosiq),"아무렇지 않게 내 하루가 또
지나갈 쯤에 문득
네가 없다는 게 익숙해진 내가
낯설어지곤 해 yeah
이제와 너 없는 난 의미 없다고
되돌릴 수 없는 우리겠지만
네가 좋아했던 그 노랠 우연히
듣게 됐어 아무래도 난
Baby I Need You
좀 늦었겠지만
다시 하고 싶어
여전히 I Need you
Need You
좀 어렵겠지만
너 없인 안돼 난
너도 알잖아
Baby I need you now
Baby I need you now
Baby I need you now
몇 곡의 노래로 너를 불렀을까
너도 들었겠지만
아직도 궁금해
내가 없이 보낸
너의 지금은 어때
이제와 너 없는 난 의미 없다고
되돌릴 수 없는 우리겠지만
네가 좋아했던 그 노랠 우연히
불러 봤어 아무래도 난
Baby I Need You
좀 늦었겠지만
다시 하고 싶어
여전히 I Need you
Need You
좀 어렵겠지만
너 없인 안돼 난
너도 알잖아
Baby I need you now
Baby I need you now
Baby I need you now
그때 네가 울던 한강 공원에서
네 눈물을 보고 닦아 주질 못했어
이런 게 떠올라 후회된 장면만
웃는게 예뻤던 너를
Baby I Need You
여전히 사랑해
내가 잘못했어
돌아와 I Need you
Need You
너도 그랬다고
나없이 안돼 넌
너도 알잖아
Baby I need you now
Baby I need you now
Baby I need you now"
